[{"model": "admin.logentry", "pk": 1, "fields": {"action_time": "2022-01-08T11:01:45.873Z", "user": 1, "content_type": 16, "object_id": "1", "object_repr": "کالای دیجیتال", "action_flag": 1, "change_message": "[{\"added\": {}}]"}}, {"model": "admin.logentry", "pk": 2, "fields": {"action_time": "2022-01-08T11:01:57.970Z", "user": 1, "content_type": 16, "object_id": "2", "object_repr": "پوشاک", "action_flag": 1, "change_message": "[{\"added\": {}}]"}}, {"model": "admin.logentry", "pk": 3, "fields": {"action_time": "2022-01-08T11:02:23.281Z", "user": 1, "content_type": 16, "object_id": "3", "object_repr": "زیبایی و سلامت", "action_flag": 1, "change_message": "[{\"added\": {}}]"}}, {"model": "admin.logentry", "pk": 4, "fields": {"action_time": "2022-01-08T11:02:40.801Z", "user": 1, "content_type": 16, "object_id": "4", "object_repr": "خانه و آشپزخانه", "action_flag": 1, "change_message": "[{\"added\": {}}]"}}, {"model": "admin.logentry", "pk": 5, "fields": {"action_time": "2022-01-08T11:02:46.806Z", "user": 1, "content_type": 16, "object_id": "5", "object_repr": "کتاب", "action_flag": 1, "change_message": "[{\"added\": {}}]"}}, {"model": "admin.logentry", "pk": 6, "fields": {"action_time": "2022-01-08T11:02:57.855Z", "user": 1, "content_type": 16, "object_id": "6", "object_repr": "گوشی موبای", "action_flag": 1, "change_message": "[{\"added\": {}}]"}}, {"model": "admin.logentry", "pk": 7, "fields": {"action_time": "2022-01-08T11:03:18.813Z", "user": 1, "content_type": 16, "object_id": "6", "object_repr": "گوشی موبای", "action_flag": 3, "change_message": ""}}, {"model": "admin.logentry", "pk": 8, "fields": {"action_time": "2022-01-08T11:03:32.921Z", "user": 1, "content_type": 16, "object_id": "7", "object_repr": "گوشی موبایل", "action_flag": 1, "change_message": "[{\"added\": {}}]"}}, {"model": "admin.logentry", "pk": 9, "fields": {"action_time": "2022-01-08T11:03:46.104Z", "user": 1, "content_type": 16, "object_id": "8", "object_repr": "لپ تاپ", "action_flag": 1, "change_message": "[{\"added\": {}}]"}}, {"model": "admin.logentry", "pk": 10, "fields": {"action_time": "2022-01-08T11:04:20.953Z", "user": 1, "content_type": 16, "object_id": "9", "object_repr": "دوربین", "action_flag": 1, "change_message": "[{\"added\": {}}]"}}, {"model": "admin.logentry", "pk": 11, "fields": {"action_time": "2022-01-08T11:05:02.449Z", "user": 1, "content_type": 16, "object_id": "10", "object_repr": "هارداکسترنال", "action_flag": 1, "change_message": "[{\"added\": {}}]"}}, {"model": "admin.logentry", "pk": 12, "fields": {"action_time": "2022-01-08T11:05:15.253Z", "user": 1, "content_type": 16, "object_id": "11", "object_repr": "فلش", "action_flag": 1, "change_message": "[{\"added\": {}}]"}}, {"model": "admin.logentry", "pk": 13, "fields": {"action_time": "2022-01-08T11:05:28.833Z", "user": 1, "content_type": 16, "object_id": "12", "object_repr": "مودم", "action_flag": 1, "change_message": "[{\"added\": {}}]"}}, {"model": "admin.logentry", "pk": 14, "fields": {"action_time": "2022-01-08T11:05:38.065Z", "user": 1, "content_type": 16, "object_id": "13", "object_repr": "مردانه", "action_flag": 1, "change_message": "[{\"added\": {}}]"}}, {"model": "admin.logentry", "pk": 15, "fields": {"action_time": "2022-01-08T11:05:42.275Z", "user": 1, "content_type": 16, "object_id": "14", "object_repr": "زنانه", "action_flag": 1, "change_message": "[{\"added\": {}}]"}}, {"model": "admin.logentry", "pk": 16, "fields": {"action_time": "2022-01-08T11:05:52.662Z", "user": 1, "content_type": 16, "object_id": "15", "object_repr": "بچگانه", "action_flag": 1, "change_message": "[{\"added\": {}}]"}}, {"model": "admin.logentry", "pk": 17, "fields": {"action_time": "2022-01-08T11:05:59.682Z", "user": 1, "content_type": 16, "object_id": "14", "object_repr": "زنانه", "action_flag": 3, "change_message": ""}}, {"model": "admin.logentry", "pk": 18, "fields": {"action_time": "2022-01-08T11:06:06.894Z", "user": 1, "content_type": 16, "object_id": "16", "object_repr": "زنانه", "action_flag": 1, "change_message": "[{\"added\": {}}]"}}, {"model": "admin.logentry", "pk": 19, "fields": {"action_time": "2022-01-08T11:07:16.302Z", "user": 1, "content_type": 16, "object_id": "17", "object_repr": "کفش", "action_flag": 1, "change_message": "[{\"added\": {}}]"}}, {"model": "admin.logentry", "pk": 20, "fields": {"action_time": "2022-01-08T11:07:47.704Z", "user": 1, "content_type": 16, "object_id": "18", "object_repr": "لوازم آرایشی", "action_flag": 1, "change_message": "[{\"added\": {}}]"}}, {"model": "admin.logentry", "pk": 21, "fields": {"action_time": "2022-01-08T11:07:56.325Z", "user": 1, "content_type": 16, "object_id": "19", "object_repr": "لوازم بهداشتی", "action_flag": 1, "change_message": "[{\"added\": {}}]"}}, {"model": "admin.logentry", "pk": 22, "fields": {"action_time": "2022-01-08T11:08:05.277Z", "user": 1, "content_type": 16, "object_id": "20", "object_repr": "عطر و ادکلن", "action_flag": 1, "change_message": "[{\"added\": {}}]"}}, {"model": "admin.logentry", "pk": 23, "fields": {"action_time": "2022-01-08T11:08:53.023Z", "user": 1, "content_type": 16, "object_id": "21", "object_repr": "صوتی وتصویری", "action_flag": 1, "change_message": "[{\"added\": {}}]"}}, {"model": "admin.logentry", "pk": 24, "fields": {"action_time": "2022-01-08T11:09:01.337Z", "user": 1, "content_type": 16, "object_id": "22", "object_repr": "لوازم برقی", "action_flag": 1, "change_message": "[{\"added\": {}}]"}}, {"model": "admin.logentry", "pk": 25, "fields": {"action_time": "2022-01-08T11:09:18.885Z", "user": 1, "content_type": 16, "object_id": "23", "object_repr": "نور و روشنایی", "action_flag": 1, "change_message": "[{\"added\": {}}]"}}, {"model": "admin.logentry", "pk": 26, "fields": {"action_time": "2022-01-08T11:09:38.307Z", "user": 1, "content_type": 16, "object_id": "24", "object_repr": "سرو و پذیرایی", "action_flag": 1, "change_message": "[{\"added\": {}}]"}}, {"model": "admin.logentry", "pk": 27, "fields": {"action_time": "2022-01-08T11:10:08.119Z", "user": 1, "content_type": 16, "object_id": "25", "object_repr": "آموزشی", "action_flag": 1, "change_message": "[{\"added\": {}}]"}}, {"model": "admin.logentry", "pk": 28, "fields": {"action_time": "2022-01-08T11:10:23.722Z", "user": 1, "content_type": 16, "object_id": "26", "object_repr": "شعر", "action_flag": 1, "change_message": "[{\"added\": {}}]"}}, {"model": "admin.logentry", "pk": 29, "fields": {"action_time": "2022-01-08T11:10:32.470Z", "user": 1, "content_type": 16, "object_id": "27", "object_repr": "رمان", "action_flag": 1, "change_message": "[{\"added\": {}}]"}}, {"model": "admin.logentry", "pk": 30, "fields": {"action_time": "2022-01-08T11:10:53.284Z", "user": 1, "content_type": 16, "object_id": "28", "object_repr": "علمی", "action_flag": 1, "change_message": "[{\"added\": {}}]"}}, {"model": "admin.logentry", "pk": 31, "fields": {"action_time": "2022-01-08T11:12:23.509Z", "user": 1, "content_type": 16, "object_id": "29", "object_repr": "ورزشی", "action_flag": 1, "change_message": "[{\"added\": {}}]"}}, {"model": "admin.logentry", "pk": 32, "fields": {"action_time": "2022-01-08T11:12:39.623Z", "user": 1, "content_type": 16, "object_id": "29", "object_repr": "ورزشی", "action_flag": 3, "change_message": ""}}, {"model": "admin.logentry", "pk": 33, "fields": {"action_time": "2022-01-08T11:22:56.667Z", "user": 1, "content_type": 18, "object_id": "1", "object_repr": "کت و شلوارهاکوپیان", "action_flag": 1, "change_message": "[{\"added\": {}}]"}}, {"model": "admin.logentry", "pk": 34, "fields": {"action_time": "2022-01-08T11:25:07.720Z", "user": 1, "content_type": 18, "object_id": "2", "object_repr": "شلوار جینzara", "action_flag": 1, "change_message": "[{\"added\": {}}]"}}, {"model": "admin.logentry", "pk": 35, "fields": {"action_time": "2022-01-08T11:26:37.637Z", "user": 1, "content_type": 18, "object_id": "3", "object_repr": "ست ورزشیadidas", "action_flag": 1, "change_message": "[{\"added\": {}}]"}}, {"model": "admin.logentry", "pk": 36, "fields": {"action_time": "2022-01-08T11:27:38.556Z", "user": 1, "content_type": 18, "object_id": "4", "object_repr": "ست ورزشیnike", "action_flag": 1, "change_message": "[{\"added\": {}}]"}}, {"model": "admin.logentry", "pk": 37, "fields": {"action_time": "2022-01-08T11:29:33.777Z", "user": 1, "content_type": 18, "object_id": "5", "object_repr": "مانتومارک کلوتو", "action_flag": 1, "change_message": "[{\"added\": {}}]"}}, {"model": "admin.logentry", "pk": 38, "fields": {"action_time": "2022-01-08T11:31:01.861Z", "user": 1, "content_type": 18, "object_id": "6", "object_repr": "شلوار جینversache", "action_flag": 1, "change_message": "[{\"added\": {}}]"}}, {"model": "admin.logentry", "pk": 39, "fields": {"action_time": "2022-01-08T11:34:16.540Z", "user": 1, "content_type": 18, "object_id": "7", "object_repr": "سرهمیNone", "action_flag": 1, "change_message": "[{\"added\": {}}]"}}, {"model": "admin.logentry", "pk": 40, "fields": {"action_time": "2022-01-08T11:35:46.279Z", "user": 1, "content_type": 18, "object_id": "8", "object_repr": "جورابNone", "action_flag": 1, "change_message": "[{\"added\": {}}]"}}, {"model": "admin.logentry", "pk": 41, "fields": {"action_time": "2022-01-08T11:37:16.824Z", "user": 1, "content_type": 16, "object_id": "17", "object_repr": "کفش", "action_flag": 3, "change_message": ""}}, {"model": "admin.logentry", "pk": 42, "fields": {"action_time": "2022-01-08T11:38:32.645Z", "user": 1, "content_type": 18, "object_id": "9", "object_repr": "ریملmac", "action_flag": 1, "change_message": "[{\"added\": {}}]"}}, {"model": "admin.logentry", "pk": 43, "fields": {"action_time": "2022-01-08T11:39:35.766Z", "user": 1, "content_type": 18, "object_id": "10", "object_repr": "کرم پودرmac", "action_flag": 1, "change_message": "[{\"added\": {}}]"}}, {"model": "admin.logentry", "pk": 44, "fields": {"action_time": "2022-01-08T11:40:23.134Z", "user": 1, "content_type": 18, "object_id": "11", "object_repr": "خط چشمmablin", "action_flag": 1, "change_message": "[{\"added\": {}}]"}}, {"model": "admin.logentry", "pk": 45, "fields": {"action_time": "2022-01-08T11:42:50.684Z", "user": 1, "content_type": 18, "object_id": "12", "object_repr": "شامپوventipiu", "action_flag": 1, "change_message": "[{\"added\": {}}]"}}, {"model": "admin.logentry", "pk": 46, "fields": {"action_time": "2022-01-08T11:43:20.438Z", "user": 1, "content_type": 18, "object_id": "13", "object_repr": "صابونNone", "action_flag": 1, "change_message": "[{\"added\": {}}]"}}, {"model": "admin.logentry", "pk": 47, "fields": {"action_time": "2022-01-08T11:44:22.731Z", "user": 1, "content_type": 18, "object_id": "14", "object_repr": "خمیردندانNone", "action_flag": 1, "change_message": "[{\"added\": {}}]"}}, {"model": "admin.logentry", "pk": 48, "fields": {"action_time": "2022-01-08T11:45:48.955Z", "user": 1, "content_type": 18, "object_id": "15", "object_repr": "تام فوردNone", "action_flag": 1, "change_message": "[{\"added\": {}}]"}}, {"model": "admin.logentry", "pk": 49, "fields": {"action_time": "2022-01-08T11:47:29.256Z", "user": 1, "content_type": 18, "object_id": "16", "object_repr": "ادوتویلت مردانه گوچیNone", "action_flag": 1, "change_message": "[{\"added\": {}}]"}}, {"model": "admin.logentry", "pk": 50, "fields": {"action_time": "2022-01-08T11:48:20.014Z", "user": 1, "content_type": 18, "object_id": "17", "object_repr": "ادکلن زنانه شنلNone", "action_flag": 1, "change_message": "[{\"added\": {}}]"}}, {"model": "admin.logentry", "pk": 51, "fields": {"action_time": "2022-01-08T11:50:01.349Z", "user": 1, "content_type": 18, "object_id": "18", "object_repr": "تلوزیونال جی", "action_flag": 1, "change_message": "[{\"added\": {}}]"}}, {"model": "admin.logentry", "pk": 52, "fields": {"action_time": "2022-01-08T11:51:31.017Z", "user": 1, "content_type": 18, "object_id": "19", "object_repr": "رادیوسامسونگ", "action_flag": 1, "change_message": "[{\"added\": {}}]"}}, {"model": "admin.logentry", "pk": 53, "fields": {"action_time": "2022-01-08T11:52:15.246Z", "user": 1, "content_type": 18, "object_id": "20", "object_repr": "ویدیو پلیرNone", "action_flag": 1, "change_message": "[{\"added\": {}}]"}}, {"model": "admin.logentry", "pk": 54, "fields": {"action_time": "2022-01-08T11:52:48.377Z", "user": 1, "content_type": 18, "object_id": "21", "object_repr": "ماشین لباس شوییسامسونگ", "action_flag": 1, "change_message": "[{\"added\": {}}]"}}, {"model": "admin.logentry", "pk": 55, "fields": {"action_time": "2022-01-08T11:53:31.140Z", "user": 1, "content_type": 18, "object_id": "22", "object_repr": "ماکروفرNone", "action_flag": 1, "change_message": "[{\"added\": {}}]"}}, {"model": "admin.logentry", "pk": 56, "fields": {"action_time": "2022-01-08T11:54:13.437Z", "user": 1, "content_type": 18, "object_id": "23", "object_repr": "یخچالسامسونگ", "action_flag": 1, "change_message": "[{\"added\": {}}]"}}, {"model": "admin.logentry", "pk": 57, "fields": {"action_time": "2022-01-08T11:54:51.475Z", "user": 1, "content_type": 18, "object_id": "24", "object_repr": "لامپNone", "action_flag": 1, "change_message": "[{\"added\": {}}]"}}, {"model": "admin.logentry", "pk": 58, "fields": {"action_time": "2022-01-08T11:55:18.856Z", "user": 1, "content_type": 18, "object_id": "25", "object_repr": "لامپ ال ای دیبروکس", "action_flag": 1, "change_message": "[{\"added\": {}}]"}}, {"model": "admin.logentry", "pk": 59, "fields": {"action_time": "2022-01-08T11:56:26.500Z", "user": 1, "content_type": 18, "object_id": "26", "object_repr": "سرویس غذا خوریوالنسیا", "action_flag": 1, "change_message": "[{\"added\": {}}]"}}, {"model": "admin.logentry", "pk": 60, "fields": {"action_time": "2022-01-08T11:57:07.820Z", "user": 1, "content_type": 18, "object_id": "27", "object_repr": "قاشق و چنگالNone", "action_flag": 1, "change_message": "[{\"added\": {}}]"}}, {"model": "admin.logentry", "pk": 61, "fields": {"action_time": "2022-01-08T11:57:36.684Z", "user": 1, "content_type": 18, "object_id": "28", "object_repr": "پارچ و لیوانNone", "action_flag": 1, "change_message": "[{\"added\": {}}]"}}, {"model": "admin.logentry", "pk": 62, "fields": {"action_time": "2022-01-08T11:58:22.673Z", "user": 1, "content_type": 18, "object_id": "29", "object_repr": "کمک درسیگاج", "action_flag": 1, "change_message": "[{\"added\": {}}]"}}, {"model": "admin.logentry", "pk": 63, "fields": {"action_time": "2022-01-08T11:58:49.868Z", "user": 1, "content_type": 18, "object_id": "30", "object_repr": "تست ریاضینشرالگو", "action_flag": 1, "change_message": "[{\"added\": {}}]"}}, {"model": "admin.logentry", "pk": 64, "fields": {"action_time": "2022-01-08T11:59:14.917Z", "user": 1, "content_type": 18, "object_id": "31", "object_repr": "جمع بندی دروسقلم چی", "action_flag": 1, "change_message": "[{\"added\": {}}]"}}, {"model": "admin.logentry", "pk": 65, "fields": {"action_time": "2022-01-08T12:00:03.867Z", "user": 1, "content_type": 18, "object_id": "32", "object_repr": "هفت پیکر مولاناNone", "action_flag": 1, "change_message": "[{\"added\": {}}]"}}, {"model": "admin.logentry", "pk": 66, "fields": {"action_time": "2022-01-08T12:00:22.128Z", "user": 1, "content_type": 18, "object_id": "33", "object_repr": "بوستان سعدیNone", "action_flag": 1, "change_message": "[{\"added\": {}}]"}}, {"model": "admin.logentry", "pk": 67, "fields": {"action_time": "2022-01-08T12:00:50.433Z", "user": 1, "content_type": 18, "object_id": "34", "object_repr": "شاهنامه فردوسیNone", "action_flag": 1, "change_message": "[{\"added\": {}}]"}}, {"model": "admin.logentry", "pk": 68, "fields": {"action_time": "2022-01-08T12:01:27.117Z", "user": 1, "content_type": 18, "object_id": "35", "object_repr": "تقاصهماپوراصفهانی", "action_flag": 1, "change_message": "[{\"added\": {}}]"}}, {"model": "admin.logentry", "pk": 69, "fields": {"action_time": "2022-01-08T12:01:48.037Z", "user": 1, "content_type": 18, "object_id": "36", "object_repr": "ربکاNone", "action_flag": 1, "change_message": "[{\"added\": {}}]"}}, {"model": "admin.logentry", "pk": 70, "fields": {"action_time": "2022-01-08T12:02:16.072Z", "user": 1, "content_type": 18, "object_id": "37", "object_repr": "اماجین ایر", "action_flag": 1, "change_message": "[{\"added\": {}}]"}}, {"model": "admin.logentry", "pk": 71, "fields": {"action_time": "2022-01-08T12:02:46.099Z", "user": 1, "content_type": 18, "object_id": "38", "object_repr": "سفردرزمانNone", "action_flag": 1, "change_message": "[{\"added\": {}}]"}}, {"model": "admin.logentry", "pk": 72, "fields": {"action_time": "2022-01-08T12:03:11.131Z", "user": 1, "content_type": 18, "object_id": "39", "object_repr": "جهان های موازیمیچیو کاکو", "action_flag": 1, "change_message": "[{\"added\": {}}]"}}, {"model": "admin.logentry", "pk": 73, "fields": {"action_time": "2022-01-08T12:04:05.204Z", "user": 1, "content_type": 18, "object_id": "40", "object_repr": "samsung-j7گوشی موبایلسامسونگ", "action_flag": 1, "change_message": "[{\"added\": {}}]"}}, {"model": "admin.logentry", "pk": 74, "fields": {"action_time": "2022-01-08T12:05:02.330Z", "user": 1, "content_type": 18, "object_id": "41", "object_repr": "poko-x3گوشی موبایلشیائومی", "action_flag": 1, "change_message": "[{\"added\": {}}]"}}, {"model": "admin.logentry", "pk": 75, "fields": {"action_time": "2022-01-08T12:05:51.433Z", "user": 1, "content_type": 18, "object_id": "42", "object_repr": "samsug-s7گوشی موبایلسامسونگ", "action_flag": 1, "change_message": "[{\"added\": {}}]"}}, {"model": "admin.logentry", "pk": 76, "fields": {"action_time": "2022-01-08T12:07:48.428Z", "user": 1, "content_type": 18, "object_id": "43", "object_repr": "lenevo-z51لپتاپلنوو", "action_flag": 1, "change_message": "[{\"added\": {}}]"}}, {"model": "admin.logentry", "pk": 77, "fields": {"action_time": "2022-01-08T12:08:27.567Z", "user": 1, "content_type": 18, "object_id": "44", "object_repr": "hp-لپتاپاچ پی", "action_flag": 1, "change_message": "[{\"added\": {}}]"}}, {"model": "admin.logentry", "pk": 78, "fields": {"action_time": "2022-01-08T12:09:00.605Z", "user": 1, "content_type": 18, "object_id": "45", "object_repr": "asus-لپ تاپاچ پی", "action_flag": 1, "change_message": "[{\"added\": {}}]"}}, {"model": "admin.logentry", "pk": 79, "fields": {"action_time": "2022-01-08T12:09:12.995Z", "user": 1, "content_type": 18, "object_id": "45", "object_repr": "asus-لپ تاپایسوس", "action_flag": 2, "change_message": "[{\"changed\": {\"fields\": [\"Brand\"]}}]"}}, {"model": "admin.logentry", "pk": 80, "fields": {"action_time": "2022-01-08T12:10:20.014Z", "user": 1, "content_type": 18, "object_id": "46", "object_repr": "canonدوربین عکاسی-canon", "action_flag": 1, "change_message": "[{\"added\": {}}]"}}, {"model": "admin.logentry", "pk": 81, "fields": {"action_time": "2022-01-08T12:11:57.943Z", "user": 1, "content_type": 18, "object_id": "47", "object_repr": "axsomدوربین عکاسی-اکسون", "action_flag": 1, "change_message": "[{\"added\": {}}]"}}, {"model": "admin.logentry", "pk": 82, "fields": {"action_time": "2022-01-08T12:12:30.146Z", "user": 1, "content_type": 18, "object_id": "48", "object_repr": "panasonicدوربین عکاسی-پاناسونیک", "action_flag": 1, "change_message": "[{\"added\": {}}]"}}, {"model": "admin.logentry", "pk": 83, "fields": {"action_time": "2022-01-08T12:18:35.277Z", "user": 1, "content_type": 18, "object_id": "49", "object_repr": "هارد اکسترنال سیگیت-None", "action_flag": 1, "change_message": "[{\"added\": {}}]"}}, {"model": "admin.logentry", "pk": 84, "fields": {"action_time": "2022-01-08T12:19:04.971Z", "user": 1, "content_type": 18, "object_id": "50", "object_repr": "هارد اکسترنال وسترن-None", "action_flag": 1, "change_message": "[{\"added\": {}}]"}}, {"model": "admin.logentry", "pk": 85, "fields": {"action_time": "2022-01-08T12:20:18.006Z", "user": 1, "content_type": 18, "object_id": "51", "object_repr": "adata هارد اکسترنال-None", "action_flag": 1, "change_message": "[{\"added\": {}}]"}}, {"model": "admin.logentry", "pk": 86, "fields": {"action_time": "2022-01-08T12:21:43.704Z", "user": 1, "content_type": 18, "object_id": "52", "object_repr": "sundisk فلش مموری-None", "action_flag": 1, "change_message": "[{\"added\": {}}]"}}, {"model": "admin.logentry", "pk": 87, "fields": {"action_time": "2022-01-08T12:22:32.653Z", "user": 1, "content_type": 18, "object_id": "53", "object_repr": "فلش مموری adata-None", "action_flag": 1, "change_message": "[{\"added\": {}}]"}}, {"model": "admin.logentry", "pk": 88, "fields": {"action_time": "2022-01-08T12:23:15.877Z", "user": 1, "content_type": 18, "object_id": "54", "object_repr": "فلش مموری hp-None", "action_flag": 1, "change_message": "[{\"added\": {}}]"}}, {"model": "admin.logentry", "pk": 89, "fields": {"action_time": "2022-01-08T12:24:03.394Z", "user": 1, "content_type": 18, "object_id": "55", "object_repr": "tplinkمدل-None", "action_flag": 1, "change_message": "[{\"added\": {}}]"}}, {"model": "admin.logentry", "pk": 90, "fields": {"action_time": "2022-01-08T12:26:05.776Z", "user": 1, "content_type": 18, "object_id": "56", "object_repr": "Dlinkمودم-None", "action_flag": 1, "change_message": "[{\"added\": {}}]"}}, {"model": "admin.logentry", "pk": 91, "fields": {"action_time": "2022-01-08T12:32:16.195Z", "user": 1, "content_type": 19, "object_id": "1", "object_repr": "رم", "action_flag": 1, "change_message": "[{\"added\": {}}, {\"added\": {\"name\": \"details\", \"object\": \"256mb\"}}, {\"added\": {\"name\": \"details\", \"object\": \"128 mb\"}}]"}}, {"model": "admin.logentry", "pk": 92, "fields": {"action_time": "2022-01-08T12:33:07.964Z", "user": 1, "content_type": 19, "object_id": "1", "object_repr": "رم", "action_flag": 2, "change_message": "[{\"changed\": {\"name\": \"details\", \"object\": \"128 mb\", \"fields\": [\"Product id\"]}}]"}}, {"model": "admin.logentry", "pk": 93, "fields": {"action_time": "2022-01-08T12:37:06.559Z", "user": 1, "content_type": 19, "object_id": "2", "object_repr": "دوربین", "action_flag": 1, "change_message": "[{\"added\": {}}, {\"added\": {\"name\": \"details\", \"object\": \"20mp\"}}, {\"added\": {\"name\": \"details\", \"object\": \"16mp\"}}, {\"added\": {\"name\": \"details\", \"object\": \"8mp\"}}]"}}, {"model": "auth.permission", "pk": 1, "fields": {"name": "Can add log entry", "content_type": 1, "codename": "add_logentry"}}, {"model": "auth.permission", "pk": 2, "fields": {"name": "Can change log entry", "content_type": 1, "codename": "change_logentry"}}, {"model": "auth.permission", "pk": 3, "fields": {"name": "Can delete log entry", "content_type": 1, "codename": "delete_logentry"}}, {"model": "auth.permission", "pk": 4, "fields": {"name": "Can view log entry", "content_type": 1, "codename": "view_logentry"}}, {"model": "auth.permission", "pk": 5, "fields": {"name": "Can add permission", "content_type": 2, "codename": "add_permission"}}, {"model": "auth.permission", "pk": 6, "fields": {"name": "Can change permission", "content_type": 2, "codename": "change_permission"}}, {"model": "auth.permission", "pk": 7, "fields": {"name": "Can delete permission", "content_type": 2, "codename": "delete_permission"}}, {"model": "auth.permission", "pk": 8, "fields": {"name": "Can view permission", "content_type": 2, "codename": "view_permission"}}, {"model": "auth.permission", "pk": 9, "fields": {"name": "Can add group", "content_type": 3, "codename": "add_group"}}, {"model": "auth.permission", "pk": 10, "fields": {"name": "Can change group", "content_type": 3, "codename": "change_group"}}, {"model": "auth.permission", "pk": 11, "fields": {"name": "Can delete group", "content_type": 3, "codename": "delete_group"}}, {"model": "auth.permission", "pk": 12, "fields": {"name": "Can view group", "content_type": 3, "codename": "view_group"}}, {"model": "auth.permission", "pk": 13, "fields": {"name": "Can add content type", "content_type": 4, "codename": "add_contenttype"}}, {"model": "auth.permission", "pk": 14, "fields": {"name": "Can change content type", "content_type": 4, "codename": "change_contenttype"}}, {"model": "auth.permission", "pk": 15, "fields": {"name": "Can delete content type", "content_type": 4, "codename": "delete_contenttype"}}, {"model": "auth.permission", "pk": 16, "fields": {"name": "Can view content type", "content_type": 4, "codename": "view_contenttype"}}, {"model": "auth.permission", "pk": 17, "fields": {"name": "Can add session", "content_type": 5, "codename": "add_session"}}, {"model": "auth.permission", "pk": 18, "fields": {"name": "Can change session", "content_type": 5, "codename": "change_session"}}, {"model": "auth.permission", "pk": 19, "fields": {"name": "Can delete session", "content_type": 5, "codename": "delete_session"}}, {"model": "auth.permission", "pk": 20, "fields": {"name": "Can view session", "content_type": 5, "codename": "view_session"}}, {"model": "auth.permission", "pk": 21, "fields": {"name": "Can add Address", "content_type": 6, "codename": "add_address"}}, {"model": "auth.permission", "pk": 22, "fields": {"name": "Can change Address", "content_type": 6, "codename": "change_address"}}, {"model": "auth.permission", "pk": 23, "fields": {"name": "Can delete Address", "content_type": 6, "codename": "delete_address"}}, {"model": "auth.permission", "pk": 24, "fields": {"name": "Can view Address", "content_type": 6, "codename": "view_address"}}, {"model": "auth.permission", "pk": 25, "fields": {"name": "Can add user", "content_type": 7, "codename": "add_profile"}}, {"model": "auth.permission", "pk": 26, "fields": {"name": "Can change user", "content_type": 7, "codename": "change_profile"}}, {"model": "auth.permission", "pk": 27, "fields": {"name": "Can delete user", "content_type": 7, "codename": "delete_profile"}}, {"model": "auth.permission", "pk": 28, "fields": {"name": "Can view user", "content_type": 7, "codename": "view_profile"}}, {"model": "auth.permission", "pk": 29, "fields": {"name": "Can add SalesMan", "content_type": 8, "codename": "add_salesman"}}, {"model": "auth.permission", "pk": 30, "fields": {"name": "Can change SalesMan", "content_type": 8, "codename": "change_salesman"}}, {"model": "auth.permission", "pk": 31, "fields": {"name": "Can delete SalesMan", "content_type": 8, "codename": "delete_salesman"}}, {"model": "auth.permission", "pk": 32, "fields": {"name": "Can view SalesMan", "content_type": 8, "codename": "view_salesman"}}, {"model": "auth.permission", "pk": 33, "fields": {"name": "Can add Customer", "content_type": 9, "codename": "add_customer"}}, {"model": "auth.permission", "pk": 34, "fields": {"name": "Can change Customer", "content_type": 9, "codename": "change_customer"}}, {"model": "auth.permission", "pk": 35, "fields": {"name": "Can delete Customer", "content_type": 9, "codename": "delete_customer"}}, {"model": "auth.permission", "pk": 36, "fields": {"name": "Can view Customer", "content_type": 9, "codename": "view_customer"}}, {"model": "auth.permission", "pk": 37, "fields": {"name": "Can add Admin", "content_type": 10, "codename": "add_admin"}}, {"model": "auth.permission", "pk": 38, "fields": {"name": "Can change Admin", "content_type": 10, "codename": "change_admin"}}, {"model": "auth.permission", "pk": 39, "fields": {"name": "Can delete Admin", "content_type": 10, "codename": "delete_admin"}}, {"model": "auth.permission", "pk": 40, "fields": {"name": "Can view Admin", "content_type": 10, "codename": "view_admin"}}, {"model": "auth.permission", "pk": 41, "fields": {"name": "Can add Product", "content_type": 11, "codename": "add_cartitem"}}, {"model": "auth.permission", "pk": 42, "fields": {"name": "Can change Product", "content_type": 11, "codename": "change_cartitem"}}, {"model": "auth.permission", "pk": 43, "fields": {"name": "Can delete Product", "content_type": 11, "codename": "delete_cartitem"}}, {"model": "auth.permission", "pk": 44, "fields": {"name": "Can view Product", "content_type": 11, "codename": "view_cartitem"}}, {"model": "auth.permission", "pk": 45, "fields": {"name": "Can add Cart", "content_type": 12, "codename": "add_cartme"}}, {"model": "auth.permission", "pk": 46, "fields": {"name": "Can change Cart", "content_type": 12, "codename": "change_cartme"}}, {"model": "auth.permission", "pk": 47, "fields": {"name": "Can delete Cart", "content_type": 12, "codename": "delete_cartme"}}, {"model": "auth.permission", "pk": 48, "fields": {"name": "Can view Cart", "content_type": 12, "codename": "view_cartme"}}, {"model": "auth.permission", "pk": 49, "fields": {"name": "Can add History", "content_type": 13, "codename": "add_history"}}, {"model": "auth.permission", "pk": 50, "fields": {"name": "Can change History", "content_type": 13, "codename": "change_history"}}, {"model": "auth.permission", "pk": 51, "fields": {"name": "Can delete History", "content_type": 13, "codename": "delete_history"}}, {"model": "auth.permission", "pk": 52, "fields": {"name": "Can view History", "content_type": 13, "codename": "view_history"}}, {"model": "auth.permission", "pk": 53, "fields": {"name": "Can add comment", "content_type": 14, "codename": "add_commentme"}}, {"model": "auth.permission", "pk": 54, "fields": {"name": "Can change comment", "content_type": 14, "codename": "change_commentme"}}, {"model": "auth.permission", "pk": 55, "fields": {"name": "Can delete comment", "content_type": 14, "codename": "delete_commentme"}}, {"model": "auth.permission", "pk": 56, "fields": {"name": "Can view comment", "content_type": 14, "codename": "view_commentme"}}, {"model": "auth.permission", "pk": 57, "fields": {"name": "Can add rate", "content_type": 15, "codename": "add_rate"}}, {"model": "auth.permission", "pk": 58, "fields": {"name": "Can change rate", "content_type": 15, "codename": "change_rate"}}, {"model": "auth.permission", "pk": 59, "fields": {"name": "Can delete rate", "content_type": 15, "codename": "delete_rate"}}, {"model": "auth.permission", "pk": 60, "fields": {"name": "Can view rate", "content_type": 15, "codename": "view_rate"}}, {"model": "auth.permission", "pk": 61, "fields": {"name": "Can add category", "content_type": 16, "codename": "add_category"}}, {"model": "auth.permission", "pk": 62, "fields": {"name": "Can change category", "content_type": 16, "codename": "change_category"}}, {"model": "auth.permission", "pk": 63, "fields": {"name": "Can delete category", "content_type": 16, "codename": "delete_category"}}, {"model": "auth.permission", "pk": 64, "fields": {"name": "Can view category", "content_type": 16, "codename": "view_category"}}, {"model": "auth.permission", "pk": 65, "fields": {"name": "Can add details", "content_type": 17, "codename": "add_details"}}, {"model": "auth.permission", "pk": 66, "fields": {"name": "Can change details", "content_type": 17, "codename": "change_details"}}, {"model": "auth.permission", "pk": 67, "fields": {"name": "Can delete details", "content_type": 17, "codename": "delete_details"}}, {"model": "auth.permission", "pk": 68, "fields": {"name": "Can view details", "content_type": 17, "codename": "view_details"}}, {"model": "auth.permission", "pk": 69, "fields": {"name": "Can add Product", "content_type": 18, "codename": "add_product"}}, {"model": "auth.permission", "pk": 70, "fields": {"name": "Can change Product", "content_type": 18, "codename": "change_product"}}, {"model": "auth.permission", "pk": 71, "fields": {"name": "Can delete Product", "content_type": 18, "codename": "delete_product"}}, {"model": "auth.permission", "pk": 72, "fields": {"name": "Can view Product", "content_type": 18, "codename": "view_product"}}, {"model": "auth.permission", "pk": 73, "fields": {"name": "Can add property", "content_type": 19, "codename": "add_property"}}, {"model": "auth.permission", "pk": 74, "fields": {"name": "Can change property", "content_type": 19, "codename": "change_property"}}, {"model": "auth.permission", "pk": 75, "fields": {"name": "Can delete property", "content_type": 19, "codename": "delete_property"}}, {"model": "auth.permission", "pk": 76, "fields": {"name": "Can view property", "content_type": 19, "codename": "view_property"}}, {"model": "auth.permission", "pk": 77, "fields": {"name": "Can add Wishlist", "content_type": 20, "codename": "add_wishlist"}}, {"model": "auth.permission", "pk": 78, "fields": {"name": "Can change Wishlist", "content_type": 20, "codename": "change_wishlist"}}, {"model": "auth.permission", "pk": 79, "fields": {"name": "Can delete Wishlist", "content_type": 20, "codename": "delete_wishlist"}}, {"model": "auth.permission", "pk": 80, "fields": {"name": "Can view Wishlist", "content_type": 20, "codename": "view_wishlist"}}, {"model": "auth.permission", "pk": 81, "fields": {"name": "Can add News", "content_type": 21, "codename": "add_news"}}, {"model": "auth.permission", "pk": 82, "fields": {"name": "Can change News", "content_type": 21, "codename": "change_news"}}, {"model": "auth.permission", "pk": 83, "fields": {"name": "Can delete News", "content_type": 21, "codename": "delete_news"}}, {"model": "auth.permission", "pk": 84, "fields": {"name": "Can view News", "content_type": 21, "codename": "view_news"}}, {"model": "auth.permission", "pk": 85, "fields": {"name": "Can add notif_user", "content_type": 22, "codename": "add_notif_user"}}, {"model": "auth.permission", "pk": 86, "fields": {"name": "Can change notif_user", "content_type": 22, "codename": "change_notif_user"}}, {"model": "auth.permission", "pk": 87, "fields": {"name": "Can delete notif_user", "content_type": 22, "codename": "delete_notif_user"}}, {"model": "auth.permission", "pk": 88, "fields": {"name": "Can view notif_user", "content_type": 22, "codename": "view_notif_user"}}, {"model": "contenttypes.contenttype", "pk": 1, "fields": {"app_label": "admin", "model": "logentry"}}, {"model": "contenttypes.contenttype", "pk": 2, "fields": {"app_label": "auth", "model": "permission"}}, {"model": "contenttypes.contenttype", "pk": 3, "fields": {"app_label": "auth", "model": "group"}}, {"model": "contenttypes.contenttype", "pk": 4, "fields": {"app_label": "contenttypes", "model": "contenttype"}}, {"model": "contenttypes.contenttype", "pk": 5, "fields": {"app_label": "sessions", "model": "session"}}, {"model": "contenttypes.contenttype", "pk": 6, "fields": {"app_label": "User", "model": "address"}}, {"model": "contenttypes.contenttype", "pk": 7, "fields": {"app_label": "User", "model": "profile"}}, {"model": "contenttypes.contenttype", "pk": 8, "fields": {"app_label": "User", "model": "salesman"}}, {"model": "contenttypes.contenttype", "pk": 9, "fields": {"app_label": "User", "model": "customer"}}, {"model": "contenttypes.contenttype", "pk": 10, "fields": {"app_label": "User", "model": "admin"}}, {"model": "contenttypes.contenttype", "pk": 11, "fields": {"app_label": "Cart", "model": "cartitem"}}, {"model": "contenttypes.contenttype", "pk": 12, "fields": {"app_label": "Cart", "model": "cartme"}}, {"model": "contenttypes.contenttype", "pk": 13, "fields": {"app_label": "Cart", "model": "history"}}, {"model": "contenttypes.contenttype", "pk": 14, "fields": {"app_label": "Comment", "model": "commentme"}}, {"model": "contenttypes.contenttype", "pk": 15, "fields": {"app_label": "Comment", "model": "rate"}}, {"model": "contenttypes.contenttype", "pk": 16, "fields": {"app_label": "Product", "model": "category"}}, {"model": "contenttypes.contenttype", "pk": 17, "fields": {"app_label": "Product", "model": "details"}}, {"model": "contenttypes.contenttype", "pk": 18, "fields": {"app_label": "Product", "model": "product"}}, {"model": "contenttypes.contenttype", "pk": 19, "fields": {"app_label": "Product", "model": "property"}}, {"model": "contenttypes.contenttype", "pk": 20, "fields": {"app_label": "Product", "model": "wishlist"}}, {"model": "contenttypes.contenttype", "pk": 21, "fields": {"app_label": "Notify", "model": "news"}}, {"model": "contenttypes.contenttype", "pk": 22, "fields": {"app_label": "Notify", "model": "notif_user"}}, {"model": "sessions.session", "pk": "xmtkbpersasitxsfnu8et451gvewjlwz", "fields": {"session_data": ".eJxVjMsOwiAQRf-FtSEtMDxcuu83kJkBpWogKe3K-O_apAvd3nPOfYmI21ri1vMS5yTOYhSn342QH7nuIN2x3prkVtdlJrkr8qBdTi3l5-Vw_w4K9vKtSTseBmO1ZsUIzjhEC1fwCsyY0aAmF0JyFIxPrBN5QEOKrGUGlbN4fwDTsTf-:1n69Sp:gBFpUz4NPOwP13PxkEJr_1apR6mUgv0g4ZN4_jzyJ6c", "expire_date": "2022-01-22T11:00:47.472Z"}}, {"model": "User.profile", "pk": 1, "fields": {"password": "pbkdf2_sha256$320000$xM7qheA237xgcVxBxpGPDb$Eqq5oAe2FDeFlBhkxKR3rInrikPIuvp5NWI99Hi9RWs=", "last_login": "2022-01-08T11:00:47.447Z", "is_superuser": true, "first_name": "", "last_name": "", "is_staff": true, "is_active": true, "date_joined": "2022-01-08T10:19:38.832Z", "email": "asal@test.com", "groups": [], "user_permissions": []}}, {"model": "Product.category", "pk": 1, "fields": {"cat_title": "کالای دیجیتال", "sub_cat": null}}, {"model": "Product.category", "pk": 2, "fields": {"cat_title": "پوشاک", "sub_cat": null}}, {"model": "Product.category", "pk": 3, "fields": {"cat_title": "زیبایی و سلامت", "sub_cat": null}}, {"model": "Product.category", "pk": 4, "fields": {"cat_title": "خانه و آشپزخانه", "sub_cat": null}}, {"model": "Product.category", "pk": 5, "fields": {"cat_title": "کتاب", "sub_cat": null}}, {"model": "Product.category", "pk": 7, "fields": {"cat_title": "گوشی موبایل", "sub_cat": 1}}, {"model": "Product.category", "pk": 8, "fields": {"cat_title": "لپ تاپ", "sub_cat": 1}}, {"model": "Product.category", "pk": 9, "fields": {"cat_title": "دوربین", "sub_cat": 1}}, {"model": "Product.category", "pk": 10, "fields": {"cat_title": "هارداکسترنال", "sub_cat": 1}}, {"model": "Product.category", "pk": 11, "fields": {"cat_title": "فلش", "sub_cat": 1}}, {"model": "Product.category", "pk": 12, "fields": {"cat_title": "مودم", "sub_cat": 1}}, {"model": "Product.category", "pk": 13, "fields": {"cat_title": "مردانه", "sub_cat": 2}}, {"model": "Product.category", "pk": 15, "fields": {"cat_title": "بچگانه", "sub_cat": 2}}, {"model": "Product.category", "pk": 16, "fields": {"cat_title": "زنانه", "sub_cat": 2}}, {"model": "Product.category", "pk": 18, "fields": {"cat_title": "لوازم آرایشی", "sub_cat": 3}}, {"model": "Product.category", "pk": 19, "fields": {"cat_title": "لوازم بهداشتی", "sub_cat": 3}}, {"model": "Product.category", "pk": 20, "fields": {"cat_title": "عطر و ادکلن", "sub_cat": 3}}, {"model": "Product.category", "pk": 21, "fields": {"cat_title": "صوتی وتصویری", "sub_cat": 4}}, {"model": "Product.category", "pk": 22, "fields": {"cat_title": "لوازم برقی", "sub_cat": 4}}, {"model": "Product.category", "pk": 23, "fields": {"cat_title": "نور و روشنایی", "sub_cat": 4}}, {"model": "Product.category", "pk": 24, "fields": {"cat_title": "سرو و پذیرایی", "sub_cat": 4}}, {"model": "Product.category", "pk": 25, "fields": {"cat_title": "آموزشی", "sub_cat": 5}}, {"model": "Product.category", "pk": 26, "fields": {"cat_title": "شعر", "sub_cat": 5}}, {"model": "Product.category", "pk": 27, "fields": {"cat_title": "رمان", "sub_cat": 5}}, {"model": "Product.category", "pk": 28, "fields": {"cat_title": "علمی", "sub_cat": 5}}, {"model": "Product.product", "pk": 1, "fields": {"name": "کت و شلوار", "description": "لورم ایپسوم متن ساختگی با تولید سادگی نامفهوم از صنعت چاپ، و با استفاده از طراحان گرافیک است، چاپگرها و متون بلکه روزنامه و مجله در ستون و سطرآنچنان که لازم است، و برای شرایط فعلی تکنولوژی مورد نیاز، و کاربردهای متنوع با هدف بهبود ابزارهای کاربردی می باشد، کتابهای زیادی در شصت و سه درصد گذشته حال و آینده، شناخت فراوان جامعه و متخصصان را می طلبد، تا با نرم افزارها شناخت بیشتری را برای طراحان رایانه ای علی الخصوص طراحان خلاقی، و فرهنگ پیشرو در زبان فارسی ایجاد کرد، در این صورت می توان امید داشت که تمام و دشواری موجود در ارائه راهکارها، و شرایط سخت تایپ به پایان رسد و زمان مورد نیاز شامل حروفچینی دستاوردهای اصلی، و جوابگوی سوالات پیوسته اهل دنیای موجود طراحی اساسا مورد استفاده قرار گیرد.", "brand": "هاکوپیان", "price": 2000000, "amount": 10, "activate": true, "img": "", "date_create": "2022-01-08", "data_update": "2022-01-08", "cat_id": 13}}, {"model": "Product.product", "pk": 2, "fields": {"name": "شلوار جین", "description": "لورم ایپسوم متن ساختگی با تولید سادگی نامفهوم از صنعت چاپ، و با استفاده از طراحان گرافیک است، چاپگرها و متون بلکه روزنامه و مجله در ستون و سطرآنچنان که لازم است، و برای شرایط فعلی تکنولوژی مورد نیاز، و کاربردهای متنوع با هدف بهبود ابزارهای کاربردی می باشد، کتابهای زیادی در شصت و سه درصد گذشته حال و آینده، شناخت فراوان جامعه و متخصصان را می طلبد، تا با نرم افزارها شناخت بیشتری را برای طراحان رایانه ای علی الخصوص طراحان خلاقی، و فرهنگ پیشرو در زبان فارسی ایجاد کرد، در این صورت می توان امید داشت که تمام و دشواری موجود در ارائه راهکارها، و شرایط سخت تایپ به پایان رسد و زمان مورد نیاز شامل حروفچینی دستاوردهای اصلی، و جوابگوی سوالات پیوسته اهل دنیای موجود طراحی اساسا مورد استفاده قرار گیرد.", "brand": "zara", "price": 4500000, "amount": 100, "activate": true, "img": "", "date_create": "2022-01-08", "data_update": "2022-01-08", "cat_id": 13}}, {"model": "Product.product", "pk": 3, "fields": {"name": "ست ورزشی", "description": "لورم ایپسوم متن ساختگی با تولید سادگی نامفهوم از صنعت چاپ، و با استفاده از طراحان گرافیک است، چاپگرها و متون بلکه روزنامه و مجله در ستون و سطرآنچنان که لازم است، و برای شرایط فعلی تکنولوژی مورد نیاز، و کاربردهای متنوع با هدف بهبود ابزارهای کاربردی می باشد، کتابهای زیادی در شصت و سه درصد گذشته حال و آینده، شناخت فراوان جامعه و متخصصان را می طلبد، تا با نرم افزارها شناخت بیشتری را برای طراحان رایانه ای علی الخصوص طراحان خلاقی، و فرهنگ پیشرو در زبان فارسی ایجاد کرد، در این صورت می توان امید داشت که تمام و دشواری موجود در ارائه راهکارها، و شرایط سخت تایپ به پایان رسد و زمان مورد نیاز شامل حروفچینی دستاوردهای اصلی، و جوابگوی سوالات پیوسته اهل دنیای موجود طراحی اساسا مورد استفاده قرار گیرد.", "brand": "adidas", "price": 5000000, "amount": 100, "activate": true, "img": "", "date_create": "2022-01-08", "data_update": "2022-01-08", "cat_id": 13}}, {"model": "Product.product", "pk": 4, "fields": {"name": "ست ورزشی", "description": "لورم ایپسوم متن ساختگی با تولید سادگی نامفهوم از صنعت چاپ، و با استفاده از طراحان گرافیک است، چاپگرها و متون بلکه روزنامه و مجله در ستون و سطرآنچنان که لازم است، و برای شرایط فعلی تکنولوژی مورد نیاز، و کاربردهای متنوع با هدف بهبود ابزارهای کاربردی می باشد، کتابهای زیادی در شصت و سه درصد گذشته حال و آینده، شناخت فراوان جامعه و متخصصان را می طلبد، تا با نرم افزارها شناخت بیشتری را برای طراحان رایانه ای علی الخصوص طراحان خلاقی، و فرهنگ پیشرو در زبان فارسی ایجاد کرد، در این صورت می توان امید داشت که تمام و دشواری موجود در ارائه راهکارها، و شرایط سخت تایپ به پایان رسد و زمان مورد نیاز شامل حروفچینی دستاوردهای اصلی، و جوابگوی سوالات پیوسته اهل دنیای موجود طراحی اساسا مورد استفاده قرار گیرد.", "brand": "nike", "price": 6000000, "amount": 100, "activate": true, "img": "", "date_create": "2022-01-08", "data_update": "2022-01-08", "cat_id": 16}}, {"model": "Product.product", "pk": 5, "fields": {"name": "مانتو", "description": "لورم ایپسوم متن ساختگی با تولید سادگی نامفهوم از صنعت چاپ، و با استفاده از طراحان گرافیک است، چاپگرها و متون بلکه روزنامه و مجله در ستون و سطرآنچنان که لازم است، و برای شرایط فعلی تکنولوژی مورد نیاز، و کاربردهای متنوع با هدف بهبود ابزارهای کاربردی می باشد، کتابهای زیادی در شصت و سه درصد گذشته حال و آینده، شناخت فراوان جامعه و متخصصان را می طلبد، تا با نرم افزارها شناخت بیشتری را برای طراحان رایانه ای علی الخصوص طراحان خلاقی، و فرهنگ پیشرو در زبان فارسی ایجاد کرد، در این صورت می توان امید داشت که تمام و دشواری موجود در ارائه راهکارها، و شرایط سخت تایپ به پایان رسد و زمان مورد نیاز شامل حروفچینی دستاوردهای اصلی، و جوابگوی سوالات پیوسته اهل دنیای موجود طراحی اساسا مورد استفاده قرار گیرد.", "brand": "مارک کلوتو", "price": 8500000, "amount": 50, "activate": true, "img": "", "date_create": "2022-01-08", "data_update": "2022-01-08", "cat_id": 16}}, {"model": "Product.product", "pk": 6, "fields": {"name": "شلوار جین", "description": "لورم ایپسوم متن ساختگی با تولید سادگی نامفهوم از صنعت چاپ، و با استفاده از طراحان گرافیک است، چاپگرها و متون بلکه روزنامه و مجله در ستون و سطرآنچنان که لازم است، و برای شرایط فعلی تکنولوژی مورد نیاز، و کاربردهای متنوع با هدف بهبود ابزارهای کاربردی می باشد، کتابهای زیادی در شصت و سه درصد گذشته حال و آینده، شناخت فراوان جامعه و متخصصان را می طلبد، تا با نرم افزارها شناخت بیشتری را برای طراحان رایانه ای علی الخصوص طراحان خلاقی، و فرهنگ پیشرو در زبان فارسی ایجاد کرد، در این صورت می توان امید داشت که تمام و دشواری موجود در ارائه راهکارها، و شرایط سخت تایپ به پایان رسد و زمان مورد نیاز شامل حروفچینی دستاوردهای اصلی، و جوابگوی سوالات پیوسته اهل دنیای موجود طراحی اساسا مورد استفاده قرار گیرد.", "brand": "versache", "price": 2520000, "amount": 200, "activate": true, "img": "", "date_create": "2022-01-08", "data_update": "2022-01-08", "cat_id": 16}}, {"model": "Product.product", "pk": 7, "fields": {"name": "سرهمی", "description": "لورم ایپسوم متن ساختگی با تولید سادگی نامفهوم از صنعت چاپ، و با استفاده از طراحان گرافیک است، چاپگرها و متون بلکه روزنامه و مجله در ستون و سطرآنچنان که لازم است، و برای شرایط فعلی تکنولوژی مورد نیاز، و کاربردهای متنوع با هدف بهبود ابزارهای کاربردی می باشد، کتابهای زیادی در شصت و سه درصد گذشته حال و آینده، شناخت فراوان جامعه و متخصصان را می طلبد، تا با نرم افزارها شناخت بیشتری را برای طراحان رایانه ای علی الخصوص طراحان خلاقی، و فرهنگ پیشرو در زبان فارسی ایجاد کرد، در این صورت می توان امید داشت که تمام و دشواری موجود در ارائه راهکارها، و شرایط سخت تایپ به پایان رسد و زمان مورد نیاز شامل حروفچینی دستاوردهای اصلی، و جوابگوی سوالات پیوسته اهل دنیای موجود طراحی اساسا مورد استفاده قرار گیرد.", "brand": null, "price": 4500000, "amount": 100, "activate": false, "img": "", "date_create": "2022-01-08", "data_update": "2022-01-08", "cat_id": 15}}, {"model": "Product.product", "pk": 8, "fields": {"name": "جوراب", "description": "لورم ایپسوم متن ساختگی با تولید سادگی نامفهوم از صنعت چاپ، و با استفاده از طراحان گرافیک است، چاپگرها و متون بلکه روزنامه و مجله در ستون و سطرآنچنان که لازم است، و برای شرایط فعلی تکنولوژی مورد نیاز، و کاربردهای متنوع با هدف بهبود ابزارهای کاربردی می باشد، کتابهای زیادی در شصت و سه درصد گذشته حال و آینده، شناخت فراوان جامعه و متخصصان را می طلبد، تا با نرم افزارها شناخت بیشتری را برای طراحان رایانه ای علی الخصوص طراحان خلاقی، و فرهنگ پیشرو در زبان فارسی ایجاد کرد، در این صورت می توان امید داشت که تمام و دشواری موجود در ارائه راهکارها، و شرایط سخت تایپ به پایان رسد و زمان مورد نیاز شامل حروفچینی دستاوردهای اصلی، و جوابگوی سوالات پیوسته اهل دنیای موجود طراحی اساسا مورد استفاده قرار گیرد.", "brand": null, "price": 50000, "amount": 100, "activate": true, "img": "", "date_create": "2022-01-08", "data_update": "2022-01-08", "cat_id": 15}}, {"model": "Product.product", "pk": 9, "fields": {"name": "ریمل", "description": "لورم ایپسوم متن ساختگی با تولید سادگی نامفهوم از صنعت چاپ، و با استفاده از طراحان گرافیک است، چاپگرها و متون بلکه روزنامه و مجله در ستون و سطرآنچنان که لازم است، و برای شرایط فعلی تکنولوژی مورد نیاز، و کاربردهای متنوع با هدف بهبود ابزارهای کاربردی می باشد، کتابهای زیادی در شصت و سه درصد گذشته حال و آینده، شناخت فراوان جامعه و متخصصان را می طلبد، تا با نرم افزارها شناخت بیشتری را برای طراحان رایانه ای علی الخصوص طراحان خلاقی، و فرهنگ پیشرو در زبان فارسی ایجاد کرد، در این صورت می توان امید داشت که تمام و دشواری موجود در ارائه راهکارها، و شرایط سخت تایپ به پایان رسد و زمان مورد نیاز شامل حروفچینی دستاوردهای اصلی، و جوابگوی سوالات پیوسته اهل دنیای موجود طراحی اساسا مورد استفاده قرار گیرد.", "brand": "mac", "price": 3500000, "amount": 100, "activate": false, "img": "", "date_create": "2022-01-08", "data_update": "2022-01-08", "cat_id": 18}}, {"model": "Product.product", "pk": 10, "fields": {"name": "کرم پودر", "description": "لورم ایپسوم متن ساختگی با تولید سادگی نامفهوم از صنعت چاپ، و با استفاده از طراحان گرافیک است، چاپگرها و متون بلکه روزنامه و مجله در ستون و سطرآنچنان که لازم است، و برای شرایط فعلی تکنولوژی مورد نیاز، و کاربردهای متنوع با هدف بهبود ابزارهای کاربردی می باشد، کتابهای زیادی در شصت و سه درصد گذشته حال و آینده، شناخت فراوان جامعه و متخصصان را می طلبد، تا با نرم افزارها شناخت بیشتری را برای طراحان رایانه ای علی الخصوص طراحان خلاقی، و فرهنگ پیشرو در زبان فارسی ایجاد کرد، در این صورت می توان امید داشت که تمام و دشواری موجود در ارائه راهکارها، و شرایط سخت تایپ به پایان رسد و زمان مورد نیاز شامل حروفچینی دستاوردهای اصلی، و جوابگوی سوالات پیوسته اهل دنیای موجود طراحی اساسا مورد استفاده قرار گیرد.", "brand": "mac", "price": 12000000, "amount": 100, "activate": true, "img": "", "date_create": "2022-01-08", "data_update": "2022-01-08", "cat_id": 18}}, {"model": "Product.product", "pk": 11, "fields": {"name": "خط چشم", "description": "لورم ایپسوم متن ساختگی با تولید سادگی نامفهوم از صنعت چاپ، و با استفاده از طراحان گرافیک است، چاپگرها و متون بلکه روزنامه و مجله در ستون و سطرآنچنان که لازم است، و برای شرایط فعلی تکنولوژی مورد نیاز، و کاربردهای متنوع با هدف بهبود ابزارهای کاربردی می باشد، کتابهای زیادی در شصت و سه درصد گذشته حال و آینده، شناخت فراوان جامعه و متخصصان را می طلبد، تا با نرم افزارها شناخت بیشتری را برای طراحان رایانه ای علی الخصوص طراحان خلاقی، و فرهنگ پیشرو در زبان فارسی ایجاد کرد، در این صورت می توان امید داشت که تمام و دشواری موجود در ارائه راهکارها، و شرایط سخت تایپ به پایان رسد و زمان مورد نیاز شامل حروفچینی دستاوردهای اصلی، و جوابگوی سوالات پیوسته اهل دنیای موجود طراحی اساسا مورد استفاده قرار گیرد.", "brand": "mablin", "price": 2500000, "amount": 100, "activate": true, "img": "", "date_create": "2022-01-08", "data_update": "2022-01-08", "cat_id": 18}}, {"model": "Product.product", "pk": 12, "fields": {"name": "شامپو", "description": "لورم ایپسوم متن ساختگی با تولید سادگی نامفهوم از صنعت چاپ، و با استفاده از طراحان گرافیک است، چاپگرها و متون بلکه روزنامه و مجله در ستون و سطرآنچنان که لازم است، و برای شرایط فعلی تکنولوژی مورد نیاز، و کاربردهای متنوع با هدف بهبود ابزارهای کاربردی می باشد، کتابهای زیادی در شصت و سه درصد گذشته حال و آینده، شناخت فراوان جامعه و متخصصان را می طلبد، تا با نرم افزارها شناخت بیشتری را برای طراحان رایانه ای علی الخصوص طراحان خلاقی، و فرهنگ پیشرو در زبان فارسی ایجاد کرد، در این صورت می توان امید داشت که تمام و دشواری موجود در ارائه راهکارها، و شرایط سخت تایپ به پایان رسد و زمان مورد نیاز شامل حروفچینی دستاوردهای اصلی، و جوابگوی سوالات پیوسته اهل دنیای موجود طراحی اساسا مورد استفاده قرار گیرد.", "brand": "ventipiu", "price": 3500000, "amount": 100, "activate": true, "img": "", "date_create": "2022-01-08", "data_update": "2022-01-08", "cat_id": 19}}, {"model": "Product.product", "pk": 13, "fields": {"name": "صابون", "description": "لورم ایپسوم متن ساختگی با تولید سادگی نامفهوم از صنعت چاپ، و با استفاده از طراحان گرافیک است، چاپگرها و متون بلکه روزنامه و مجله در ستون و سطرآنچنان که لازم است، و برای شرایط فعلی تکنولوژی مورد نیاز، و کاربردهای متنوع با هدف بهبود ابزارهای کاربردی می باشد، کتابهای زیادی در شصت و سه درصد گذشته حال و آینده، شناخت فراوان جامعه و متخصصان را می طلبد، تا با نرم افزارها شناخت بیشتری را برای طراحان رایانه ای علی الخصوص طراحان خلاقی، و فرهنگ پیشرو در زبان فارسی ایجاد کرد، در این صورت می توان امید داشت که تمام و دشواری موجود در ارائه راهکارها، و شرایط سخت تایپ به پایان رسد و زمان مورد نیاز شامل حروفچینی دستاوردهای اصلی، و جوابگوی سوالات پیوسته اهل دنیای موجود طراحی اساسا مورد استفاده قرار گیرد.", "brand": null, "price": 600000, "amount": 100, "activate": true, "img": "", "date_create": "2022-01-08", "data_update": "2022-01-08", "cat_id": 19}}, {"model": "Product.product", "pk": 14, "fields": {"name": "خمیردندان", "description": "لورم ایپسوم متن ساختگی با تولید سادگی نامفهوم از صنعت چاپ، و با استفاده از طراحان گرافیک است، چاپگرها و متون بلکه روزنامه و مجله در ستون و سطرآنچنان که لازم است، و برای شرایط فعلی تکنولوژی مورد نیاز، و کاربردهای متنوع با هدف بهبود ابزارهای کاربردی می باشد، کتابهای زیادی در شصت و سه درصد گذشته حال و آینده، شناخت فراوان جامعه و متخصصان را می طلبد، تا با نرم افزارها شناخت بیشتری را برای طراحان رایانه ای علی الخصوص طراحان خلاقی، و فرهنگ پیشرو در زبان فارسی ایجاد کرد، در این صورت می توان امید داشت که تمام و دشواری موجود در ارائه راهکارها، و شرایط سخت تایپ به پایان رسد و زمان مورد نیاز شامل حروفچینی دستاوردهای اصلی، و جوابگوی سوالات پیوسته اهل دنیای موجود طراحی اساسا مورد استفاده قرار گیرد.", "brand": null, "price": 150000, "amount": 100, "activate": false, "img": "", "date_create": "2022-01-08", "data_update": "2022-01-08", "cat_id": 19}}, {"model": "Product.product", "pk": 15, "fields": {"name": "تام فورد", "description": "لورم ایپسوم متن ساختگی با تولید سادگی نامفهوم از صنعت چاپ، و با استفاده از طراحان گرافیک است، چاپگرها و متون بلکه روزنامه و مجله در ستون و سطرآنچنان که لازم است، و برای شرایط فعلی تکنولوژی مورد نیاز، و کاربردهای متنوع با هدف بهبود ابزارهای کاربردی می باشد، کتابهای زیادی در شصت و سه درصد گذشته حال و آینده، شناخت فراوان جامعه و متخصصان را می طلبد، تا با نرم افزارها شناخت بیشتری را برای طراحان رایانه ای علی الخصوص طراحان خلاقی، و فرهنگ پیشرو در زبان فارسی ایجاد کرد، در این صورت می توان امید داشت که تمام و دشواری موجود در ارائه راهکارها، و شرایط سخت تایپ به پایان رسد و زمان مورد نیاز شامل حروفچینی دستاوردهای اصلی، و جوابگوی سوالات پیوسته اهل دنیای موجود طراحی اساسا مورد استفاده قرار گیرد.", "brand": null, "price": 150000000, "amount": 100, "activate": true, "img": "", "date_create": "2022-01-08", "data_update": "2022-01-08", "cat_id": 20}}, {"model": "Product.product", "pk": 16, "fields": {"name": "ادوتویلت مردانه گوچی", "description": "لورم ایپسوم متن ساختگی با تولید سادگی نامفهوم از صنعت چاپ، و با استفاده از طراحان گرافیک است، چاپگرها و متون بلکه روزنامه و مجله در ستون و سطرآنچنان که لازم است، و برای شرایط فعلی تکنولوژی مورد نیاز، و کاربردهای متنوع با هدف بهبود ابزارهای کاربردی می باشد، کتابهای زیادی در شصت و سه درصد گذشته حال و آینده، شناخت فراوان جامعه و متخصصان را می طلبد، تا با نرم افزارها شناخت بیشتری را برای طراحان رایانه ای علی الخصوص طراحان خلاقی، و فرهنگ پیشرو در زبان فارسی ایجاد کرد، در این صورت می توان امید داشت که تمام و دشواری موجود در ارائه راهکارها، و شرایط سخت تایپ به پایان رسد و زمان مورد نیاز شامل حروفچینی دستاوردهای اصلی، و جوابگوی سوالات پیوسته اهل دنیای موجود طراحی اساسا مورد استفاده قرار گیرد.", "brand": null, "price": 30000000, "amount": 100, "activate": false, "img": "", "date_create": "2022-01-08", "data_update": "2022-01-08", "cat_id": 20}}, {"model": "Product.product", "pk": 17, "fields": {"name": "ادکلن زنانه شنل", "description": "لورم ایپسوم متن ساختگی با تولید سادگی نامفهوم از صنعت چاپ، و با استفاده از طراحان گرافیک است، چاپگرها و متون بلکه روزنامه و مجله در ستون و سطرآنچنان که لازم است، و برای شرایط فعلی تکنولوژی مورد نیاز، و کاربردهای متنوع با هدف بهبود ابزارهای کاربردی می باشد، کتابهای زیادی در شصت و سه درصد گذشته حال و آینده، شناخت فراوان جامعه و متخصصان را می طلبد، تا با نرم افزارها شناخت بیشتری را برای طراحان رایانه ای علی الخصوص طراحان خلاقی، و فرهنگ پیشرو در زبان فارسی ایجاد کرد، در این صورت می توان امید داشت که تمام و دشواری موجود در ارائه راهکارها، و شرایط سخت تایپ به پایان رسد و زمان مورد نیاز شامل حروفچینی دستاوردهای اصلی، و جوابگوی سوالات پیوسته اهل دنیای موجود طراحی اساسا مورد استفاده قرار گیرد.", "brand": null, "price": 30000000, "amount": 100, "activate": true, "img": "", "date_create": "2022-01-08", "data_update": "2022-01-08", "cat_id": 19}}, {"model": "Product.product", "pk": 18, "fields": {"name": "تلوزیون", "description": "لورم ایپسوم متن ساختگی با تولید سادگی نامفهوم از صنعت چاپ، و با استفاده از طراحان گرافیک است، چاپگرها و متون بلکه روزنامه و مجله در ستون و سطرآنچنان که لازم است، و برای شرایط فعلی تکنولوژی مورد نیاز، و کاربردهای متنوع با هدف بهبود ابزارهای کاربردی می باشد، کتابهای زیادی در شصت و سه درصد گذشته حال و آینده، شناخت فراوان جامعه و متخصصان را می طلبد، تا با نرم افزارها شناخت بیشتری را برای طراحان رایانه ای علی الخصوص طراحان خلاقی، و فرهنگ پیشرو در زبان فارسی ایجاد کرد، در این صورت می توان امید داشت که تمام و دشواری موجود در ارائه راهکارها، و شرایط سخت تایپ به پایان رسد و زمان مورد نیاز شامل حروفچینی دستاوردهای اصلی، و جوابگوی سوالات پیوسته اهل دنیای موجود طراحی اساسا مورد استفاده قرار گیرد.", "brand": "ال جی", "price": 300000000, "amount": 20, "activate": true, "img": "", "date_create": "2022-01-08", "data_update": "2022-01-08", "cat_id": 21}}, {"model": "Product.product", "pk": 19, "fields": {"name": "رادیو", "description": "لورم ایپسوم متن ساختگی با تولید سادگی نامفهوم از صنعت چاپ، و با استفاده از طراحان گرافیک است، چاپگرها و متون بلکه روزنامه و مجله در ستون و سطرآنچنان که لازم است، و برای شرایط فعلی تکنولوژی مورد نیاز، و کاربردهای متنوع با هدف بهبود ابزارهای کاربردی می باشد، کتابهای زیادی در شصت و سه درصد گذشته حال و آینده، شناخت فراوان جامعه و متخصصان را می طلبد، تا با نرم افزارها شناخت بیشتری را برای طراحان رایانه ای علی الخصوص طراحان خلاقی، و فرهنگ پیشرو در زبان فارسی ایجاد کرد، در این صورت می توان امید داشت که تمام و دشواری موجود در ارائه راهکارها، و شرایط سخت تایپ به پایان رسد و زمان مورد نیاز شامل حروفچینی دستاوردهای اصلی، و جوابگوی سوالات پیوسته اهل دنیای موجود طراحی اساسا مورد استفاده قرار گیرد.", "brand": "سامسونگ", "price": 2000000, "amount": 20, "activate": true, "img": "", "date_create": "2022-01-08", "data_update": "2022-01-08", "cat_id": 21}}, {"model": "Product.product", "pk": 20, "fields": {"name": "ویدیو پلیر", "description": "لورم ایپسوم متن ساختگی با تولید سادگی نامفهوم از صنعت چاپ، و با استفاده از طراحان گرافیک است، چاپگرها و متون بلکه روزنامه و مجله در ستون و سطرآنچنان که لازم است، و برای شرایط فعلی تکنولوژی مورد نیاز، و کاربردهای متنوع با هدف بهبود ابزارهای کاربردی می باشد، کتابهای زیادی در شصت و سه درصد گذشته حال و آینده، شناخت فراوان جامعه و متخصصان را می طلبد، تا با نرم افزارها شناخت بیشتری را برای طراحان رایانه ای علی الخصوص طراحان خلاقی، و فرهنگ پیشرو در زبان فارسی ایجاد کرد، در این صورت می توان امید داشت که تمام و دشواری موجود در ارائه راهکارها، و شرایط سخت تایپ به پایان رسد و زمان مورد نیاز شامل حروفچینی دستاوردهای اصلی، و جوابگوی سوالات پیوسته اهل دنیای موجود طراحی اساسا مورد استفاده قرار گیرد.", "brand": null, "price": 2000000, "amount": 15, "activate": true, "img": "", "date_create": "2022-01-08", "data_update": "2022-01-08", "cat_id": 21}}, {"model": "Product.product", "pk": 21, "fields": {"name": "ماشین لباس شویی", "description": "لورم ایپسوم متن ساختگی با تولید سادگی نامفهوم از صنعت چاپ، و با استفاده از طراحان گرافیک است، چاپگرها و متون بلکه روزنامه و مجله در ستون و سطرآنچنان که لازم است، و برای شرایط فعلی تکنولوژی مورد نیاز، و کاربردهای متنوع با هدف بهبود ابزارهای کاربردی می باشد، کتابهای زیادی در شصت و سه درصد گذشته حال و آینده، شناخت فراوان جامعه و متخصصان را می طلبد، تا با نرم افزارها شناخت بیشتری را برای طراحان رایانه ای علی الخصوص طراحان خلاقی، و فرهنگ پیشرو در زبان فارسی ایجاد کرد، در این صورت می توان امید داشت که تمام و دشواری موجود در ارائه راهکارها، و شرایط سخت تایپ به پایان رسد و زمان مورد نیاز شامل حروفچینی دستاوردهای اصلی، و جوابگوی سوالات پیوسته اهل دنیای موجود طراحی اساسا مورد استفاده قرار گیرد.", "brand": "سامسونگ", "price": 20000000, "amount": 16, "activate": true, "img": "", "date_create": "2022-01-08", "data_update": "2022-01-08", "cat_id": 22}}, {"model": "Product.product", "pk": 22, "fields": {"name": "ماکروفر", "description": "لورم ایپسوم متن ساختگی با تولید سادگی نامفهوم از صنعت چاپ، و با استفاده از طراحان گرافیک است، چاپگرها و متون بلکه روزنامه و مجله در ستون و سطرآنچنان که لازم است، و برای شرایط فعلی تکنولوژی مورد نیاز، و کاربردهای متنوع با هدف بهبود ابزارهای کاربردی می باشد، کتابهای زیادی در شصت و سه درصد گذشته حال و آینده، شناخت فراوان جامعه و متخصصان را می طلبد، تا با نرم افزارها شناخت بیشتری را برای طراحان رایانه ای علی الخصوص طراحان خلاقی، و فرهنگ پیشرو در زبان فارسی ایجاد کرد، در این صورت می توان امید داشت که تمام و دشواری موجود در ارائه راهکارها، و شرایط سخت تایپ به پایان رسد و زمان مورد نیاز شامل حروفچینی دستاوردهای اصلی، و جوابگوی سوالات پیوسته اهل دنیای موجود طراحی اساسا مورد استفاده قرار گیرد.", "brand": null, "price": 2000000, "amount": 16, "activate": true, "img": "", "date_create": "2022-01-08", "data_update": "2022-01-08", "cat_id": 22}}, {"model": "Product.product", "pk": 23, "fields": {"name": "یخچال", "description": "لورم ایپسوم متن ساختگی با تولید سادگی نامفهوم از صنعت چاپ، و با استفاده از طراحان گرافیک است، چاپگرها و متون بلکه روزنامه و مجله در ستون و سطرآنچنان که لازم است، و برای شرایط فعلی تکنولوژی مورد نیاز، و کاربردهای متنوع با هدف بهبود ابزارهای کاربردی می باشد، کتابهای زیادی در شصت و سه درصد گذشته حال و آینده، شناخت فراوان جامعه و متخصصان را می طلبد، تا با نرم افزارها شناخت بیشتری را برای طراحان رایانه ای علی الخصوص طراحان خلاقی، و فرهنگ پیشرو در زبان فارسی ایجاد کرد، در این صورت می توان امید داشت که تمام و دشواری موجود در ارائه راهکارها، و شرایط سخت تایپ به پایان رسد و زمان مورد نیاز شامل حروفچینی دستاوردهای اصلی، و جوابگوی سوالات پیوسته اهل دنیای موجود طراحی اساسا مورد استفاده قرار گیرد.", "brand": "سامسونگ", "price": 3000000, "amount": 30, "activate": true, "img": "", "date_create": "2022-01-08", "data_update": "2022-01-08", "cat_id": 22}}, {"model": "Product.product", "pk": 24, "fields": {"name": "لامپ", "description": "لورم ایپسوم متن ساختگی با تولید سادگی نامفهوم از صنعت چاپ، و با استفاده از طراحان گرافیک است، چاپگرها و متون بلکه روزنامه و مجله در ستون و سطرآنچنان که لازم است، و برای شرایط فعلی تکنولوژی مورد نیاز، و کاربردهای متنوع با هدف بهبود ابزارهای کاربردی می باشد، کتابهای زیادی در شصت و سه درصد گذشته حال و آینده، شناخت فراوان جامعه و متخصصان را می طلبد، تا با نرم افزارها شناخت بیشتری را برای طراحان رایانه ای علی الخصوص طراحان خلاقی، و فرهنگ پیشرو در زبان فارسی ایجاد کرد، در این صورت می توان امید داشت که تمام و دشواری موجود در ارائه راهکارها، و شرایط سخت تایپ به پایان رسد و زمان مورد نیاز شامل حروفچینی دستاوردهای اصلی، و جوابگوی سوالات پیوسته اهل دنیای موجود طراحی اساسا مورد استفاده قرار گیرد.‍‍", "brand": null, "price": 20000, "amount": 30, "activate": true, "img": "", "date_create": "2022-01-08", "data_update": "2022-01-08", "cat_id": 23}}, {"model": "Product.product", "pk": 25, "fields": {"name": "لامپ ال ای دی", "description": "لورم ایپسوم متن ساختگی با تولید سادگی نامفهوم از صنعت چاپ، و با استفاده از طراحان گرافیک است، چاپگرها و متون بلکه روزنامه و مجله در ستون و سطرآنچنان که لازم است، و برای شرایط فعلی تکنولوژی مورد نیاز، و کاربردهای متنوع با هدف بهبود ابزارهای کاربردی می باشد، کتابهای زیادی در شصت و سه درصد گذشته حال و آینده، شناخت فراوان جامعه و متخصصان را می طلبد، تا با نرم افزارها شناخت بیشتری را برای طراحان رایانه ای علی الخصوص طراحان خلاقی، و فرهنگ پیشرو در زبان فارسی ایجاد کرد، در این صورت می توان امید داشت که تمام و دشواری موجود در ارائه راهکارها، و شرایط سخت تایپ به پایان رسد و زمان مورد نیاز شامل حروفچینی دستاوردهای اصلی، و جوابگوی سوالات پیوسته اهل دنیای موجود طراحی اساسا مورد استفاده قرار گیرد.", "brand": "بروکس", "price": 300000, "amount": 30, "activate": true, "img": "", "date_create": "2022-01-08", "data_update": "2022-01-08", "cat_id": 23}}, {"model": "Product.product", "pk": 26, "fields": {"name": "سرویس غذا خوری", "description": "لورم ایپسوم متن ساختگی با تولید سادگی نامفهوم از صنعت چاپ، و با استفاده از طراحان گرافیک است، چاپگرها و متون بلکه روزنامه و مجله در ستون و سطرآنچنان که لازم است، و برای شرایط فعلی تکنولوژی مورد نیاز، و کاربردهای متنوع با هدف بهبود ابزارهای کاربردی می باشد، کتابهای زیادی در شصت و سه درصد گذشته حال و آینده، شناخت فراوان جامعه و متخصصان را می طلبد، تا با نرم افزارها شناخت بیشتری را برای طراحان رایانه ای علی الخصوص طراحان خلاقی، و فرهنگ پیشرو در زبان فارسی ایجاد کرد، در این صورت می توان امید داشت که تمام و دشواری موجود در ارائه راهکارها، و شرایط سخت تایپ به پایان رسد و زمان مورد نیاز شامل حروفچینی دستاوردهای اصلی، و جوابگوی سوالات پیوسته اهل دنیای موجود طراحی اساسا مورد استفاده قرار گیرد.", "brand": "والنسیا", "price": 500000, "amount": 30, "activate": true, "img": "", "date_create": "2022-01-08", "data_update": "2022-01-08", "cat_id": 24}}, {"model": "Product.product", "pk": 27, "fields": {"name": "قاشق و چنگال", "description": "لورم ایپسوم متن ساختگی با تولید سادگی نامفهوم از صنعت چاپ، و با استفاده از طراحان گرافیک است، چاپگرها و متون بلکه روزنامه و مجله در ستون و سطرآنچنان که لازم است، و برای شرایط فعلی تکنولوژی مورد نیاز، و کاربردهای متنوع با هدف بهبود ابزارهای کاربردی می باشد، کتابهای زیادی در شصت و سه درصد گذشته حال و آینده، شناخت فراوان جامعه و متخصصان را می طلبد، تا با نرم افزارها شناخت بیشتری را برای طراحان رایانه ای علی الخصوص طراحان خلاقی، و فرهنگ پیشرو در زبان فارسی ایجاد کرد، در این صورت می توان امید داشت که تمام و دشواری موجود در ارائه راهکارها، و شرایط سخت تایپ به پایان رسد و زمان مورد نیاز شامل حروفچینی دستاوردهای اصلی، و جوابگوی سوالات پیوسته اهل دنیای موجود طراحی اساسا مورد استفاده قرار گیرد.", "brand": null, "price": 29999, "amount": 30, "activate": true, "img": "", "date_create": "2022-01-08", "data_update": "2022-01-08", "cat_id": 24}}, {"model": "Product.product", "pk": 28, "fields": {"name": "پارچ و لیوان", "description": "لورم ایپسوم متن ساختگی با تولید سادگی نامفهوم از صنعت چاپ، و با استفاده از طراحان گرافیک است، چاپگرها و متون بلکه روزنامه و مجله در ستون و سطرآنچنان که لازم است، و برای شرایط فعلی تکنولوژی مورد نیاز، و کاربردهای متنوع با هدف بهبود ابزارهای کاربردی می باشد، کتابهای زیادی در شصت و سه درصد گذشته حال و آینده، شناخت فراوان جامعه و متخصصان را می طلبد، تا با نرم افزارها شناخت بیشتری را برای طراحان رایانه ای علی الخصوص طراحان خلاقی، و فرهنگ پیشرو در زبان فارسی ایجاد کرد، در این صورت می توان امید داشت که تمام و دشواری موجود در ارائه راهکارها، و شرایط سخت تایپ به پایان رسد و زمان مورد نیاز شامل حروفچینی دستاوردهای اصلی، و جوابگوی سوالات پیوسته اهل دنیای موجود طراحی اساسا مورد استفاده قرار گیرد.", "brand": null, "price": 300000, "amount": 64, "activate": true, "img": "", "date_create": "2022-01-08", "data_update": "2022-01-08", "cat_id": 24}}, {"model": "Product.product", "pk": 29, "fields": {"name": "کمک درسی", "description": "لورم ایپسوم متن ساختگی با تولید سادگی نامفهوم از صنعت چاپ، و با استفاده از طراحان گرافیک است، چاپگرها و متون بلکه روزنامه و مجله در ستون و سطرآنچنان که لازم است، و برای شرایط فعلی تکنولوژی مورد نیاز، و کاربردهای متنوع با هدف بهبود ابزارهای کاربردی می باشد، کتابهای زیادی در شصت و سه درصد گذشته حال و آینده، شناخت فراوان جامعه و متخصصان را می طلبد، تا با نرم افزارها شناخت بیشتری را برای طراحان رایانه ای علی الخصوص طراحان خلاقی، و فرهنگ پیشرو در زبان فارسی ایجاد کرد، در این صورت می توان امید داشت که تمام و دشواری موجود در ارائه راهکارها، و شرایط سخت تایپ به پایان رسد و زمان مورد نیاز شامل حروفچینی دستاوردهای اصلی، و جوابگوی سوالات پیوسته اهل دنیای موجود طراحی اساسا مورد استفاده قرار گیرد.", "brand": "گاج", "price": 300000, "amount": 30, "activate": true, "img": "", "date_create": "2022-01-08", "data_update": "2022-01-08", "cat_id": 25}}, {"model": "Product.product", "pk": 30, "fields": {"name": "تست ریاضی", "description": "لورم ایپسوم متن ساختگی با تولید سادگی نامفهوم از صنعت چاپ، و با استفاده از طراحان گرافیک است، چاپگرها و متون بلکه روزنامه و مجله در ستون و سطرآنچنان که لازم است، و برای شرایط فعلی تکنولوژی مورد نیاز، و کاربردهای متنوع با هدف بهبود ابزارهای کاربردی می باشد، کتابهای زیادی در شصت و سه درصد گذشته حال و آینده، شناخت فراوان جامعه و متخصصان را می طلبد، تا با نرم افزارها شناخت بیشتری را برای طراحان رایانه ای علی الخصوص طراحان خلاقی، و فرهنگ پیشرو در زبان فارسی ایجاد کرد، در این صورت می توان امید داشت که تمام و دشواری موجود در ارائه راهکارها، و شرایط سخت تایپ به پایان رسد و زمان مورد نیاز شامل حروفچینی دستاوردهای اصلی، و جوابگوی سوالات پیوسته اهل دنیای موجود طراحی اساسا مورد استفاده قرار گیرد.", "brand": "نشرالگو", "price": 400000, "amount": 30, "activate": true, "img": "", "date_create": "2022-01-08", "data_update": "2022-01-08", "cat_id": 25}}, {"model": "Product.product", "pk": 31, "fields": {"name": "جمع بندی دروس", "description": "لورم ایپسوم متن ساختگی با تولید سادگی نامفهوم از صنعت چاپ، و با استفاده از طراحان گرافیک است، چاپگرها و متون بلکه روزنامه و مجله در ستون و سطرآنچنان که لازم است، و برای شرایط فعلی تکنولوژی مورد نیاز، و کاربردهای متنوع با هدف بهبود ابزارهای کاربردی می باشد، کتابهای زیادی در شصت و سه درصد گذشته حال و آینده، شناخت فراوان جامعه و متخصصان را می طلبد، تا با نرم افزارها شناخت بیشتری را برای طراحان رایانه ای علی الخصوص طراحان خلاقی، و فرهنگ پیشرو در زبان فارسی ایجاد کرد، در این صورت می توان امید داشت که تمام و دشواری موجود در ارائه راهکارها، و شرایط سخت تایپ به پایان رسد و زمان مورد نیاز شامل حروفچینی دستاوردهای اصلی، و جوابگوی سوالات پیوسته اهل دنیای موجود طراحی اساسا مورد استفاده قرار گیرد.", "brand": "قلم چی", "price": 30000, "amount": 30, "activate": true, "img": "", "date_create": "2022-01-08", "data_update": "2022-01-08", "cat_id": 25}}, {"model": "Product.product", "pk": 32, "fields": {"name": "هفت پیکر مولانا", "description": "لورم ایپسوم متن ساختگی با تولید سادگی نامفهوم از صنعت چاپ، و با استفاده از طراحان گرافیک است، چاپگرها و متون بلکه روزنامه و مجله در ستون و سطرآنچنان که لازم است، و برای شرایط فعلی تکنولوژی مورد نیاز، و کاربردهای متنوع با هدف بهبود ابزارهای کاربردی می باشد، کتابهای زیادی در شصت و سه درصد گذشته حال و آینده، شناخت فراوان جامعه و متخصصان را می طلبد، تا با نرم افزارها شناخت بیشتری را برای طراحان رایانه ای علی الخصوص طراحان خلاقی، و فرهنگ پیشرو در زبان فارسی ایجاد کرد، در این صورت می توان امید داشت که تمام و دشواری موجود در ارائه راهکارها، و شرایط سخت تایپ به پایان رسد و زمان مورد نیاز شامل حروفچینی دستاوردهای اصلی، و جوابگوی سوالات پیوسته اهل دنیای موجود طراحی اساسا مورد استفاده قرار گیرد.", "brand": null, "price": 100000000, "amount": 50, "activate": true, "img": "", "date_create": "2022-01-08", "data_update": "2022-01-08", "cat_id": 26}}, {"model": "Product.product", "pk": 33, "fields": {"name": "بوستان سعدی", "description": "لورم ایپسوم متن ساختگی با تولید سادگی نامفهوم از صنعت چاپ، و با استفاده از طراحان گرافیک است، چاپگرها و متون بلکه روزنامه و مجله در ستون و سطرآنچنان که لازم است، و برای شرایط فعلی تکنولوژی مورد نیاز، و کاربردهای متنوع با هدف بهبود ابزارهای کاربردی می باشد، کتابهای زیادی در شصت و سه درصد گذشته حال و آینده، شناخت فراوان جامعه و متخصصان را می طلبد، تا با نرم افزارها شناخت بیشتری را برای طراحان رایانه ای علی الخصوص طراحان خلاقی، و فرهنگ پیشرو در زبان فارسی ایجاد کرد، در این صورت می توان امید داشت که تمام و دشواری موجود در ارائه راهکارها، و شرایط سخت تایپ به پایان رسد و زمان مورد نیاز شامل حروفچینی دستاوردهای اصلی، و جوابگوی سوالات پیوسته اهل دنیای موجود طراحی اساسا مورد استفاده قرار گیرد.", "brand": null, "price": 30000000, "amount": 60, "activate": true, "img": "", "date_create": "2022-01-08", "data_update": "2022-01-08", "cat_id": 26}}, {"model": "Product.product", "pk": 34, "fields": {"name": "شاهنامه فردوسی", "description": "لورم ایپسوم متن ساختگی با تولید سادگی نامفهوم از صنعت چاپ، و با استفاده از طراحان گرافیک است، چاپگرها و متون بلکه روزنامه و مجله در ستون و سطرآنچنان که لازم است، و برای شرایط فعلی تکنولوژی مورد نیاز، و کاربردهای متنوع با هدف بهبود ابزارهای کاربردی می باشد، کتابهای زیادی در شصت و سه درصد گذشته حال و آینده، شناخت فراوان جامعه و متخصصان را می طلبد، تا با نرم افزارها شناخت بیشتری را برای طراحان رایانه ای علی الخصوص طراحان خلاقی، و فرهنگ پیشرو در زبان فارسی ایجاد کرد، در این صورت می توان امید داشت که تمام و دشواری موجود در ارائه راهکارها، و شرایط سخت تایپ به پایان رسد و زمان مورد نیاز شامل حروفچینی دستاوردهای اصلی، و جوابگوی سوالات پیوسته اهل دنیای موجود طراحی اساسا مورد استفاده قرار گیرد.", "brand": null, "price": 300000000, "amount": 50, "activate": true, "img": "", "date_create": "2022-01-08", "data_update": "2022-01-08", "cat_id": 26}}, {"model": "Product.product", "pk": 35, "fields": {"name": "تقاص", "description": "لورم ایپسوم متن ساختگی با تولید سادگی نامفهوم از صنعت چاپ، و با استفاده از طراحان گرافیک است، چاپگرها و متون بلکه روزنامه و مجله در ستون و سطرآنچنان که لازم است، و برای شرایط فعلی تکنولوژی مورد نیاز، و کاربردهای متنوع با هدف بهبود ابزارهای کاربردی می باشد، کتابهای زیادی در شصت و سه درصد گذشته حال و آینده، شناخت فراوان جامعه و متخصصان را می طلبد، تا با نرم افزارها شناخت بیشتری را برای طراحان رایانه ای علی الخصوص طراحان خلاقی، و فرهنگ پیشرو در زبان فارسی ایجاد کرد، در این صورت می توان امید داشت که تمام و دشواری موجود در ارائه راهکارها، و شرایط سخت تایپ به پایان رسد و زمان مورد نیاز شامل حروفچینی دستاوردهای اصلی، و جوابگوی سوالات پیوسته اهل دنیای موجود طراحی اساسا مورد استفاده قرار گیرد.", "brand": "هماپوراصفهانی", "price": 3000000, "amount": 60, "activate": true, "img": "", "date_create": "2022-01-08", "data_update": "2022-01-08", "cat_id": 27}}, {"model": "Product.product", "pk": 36, "fields": {"name": "ربکا", "description": "لورم ایپسوم متن ساختگی با تولید سادگی نامفهوم از صنعت چاپ، و با استفاده از طراحان گرافیک است، چاپگرها و متون بلکه روزنامه و مجله در ستون و سطرآنچنان که لازم است، و برای شرایط فعلی تکنولوژی مورد نیاز، و کاربردهای متنوع با هدف بهبود ابزارهای کاربردی می باشد، کتابهای زیادی در شصت و سه درصد گذشته حال و آینده، شناخت فراوان جامعه و متخصصان را می طلبد، تا با نرم افزارها شناخت بیشتری را برای طراحان رایانه ای علی الخصوص طراحان خلاقی، و فرهنگ پیشرو در زبان فارسی ایجاد کرد، در این صورت می توان امید داشت که تمام و دشواری موجود در ارائه راهکارها، و شرایط سخت تایپ به پایان رسد و زمان مورد نیاز شامل حروفچینی دستاوردهای اصلی، و جوابگوی سوالات پیوسته اهل دنیای موجود طراحی اساسا مورد استفاده قرار گیرد.", "brand": null, "price": 80000000, "amount": 60, "activate": true, "img": "", "date_create": "2022-01-08", "data_update": "2022-01-08", "cat_id": 27}}, {"model": "Product.product", "pk": 37, "fields": {"name": "اما", "description": "لورم ایپسوم متن ساختگی با تولید سادگی نامفهوم از صنعت چاپ، و با استفاده از طراحان گرافیک است، چاپگرها و متون بلکه روزنامه و مجله در ستون و سطرآنچنان که لازم است، و برای شرایط فعلی تکنولوژی مورد نیاز، و کاربردهای متنوع با هدف بهبود ابزارهای کاربردی می باشد، کتابهای زیادی در شصت و سه درصد گذشته حال و آینده، شناخت فراوان جامعه و متخصصان را می طلبد، تا با نرم افزارها شناخت بیشتری را برای طراحان رایانه ای علی الخصوص طراحان خلاقی، و فرهنگ پیشرو در زبان فارسی ایجاد کرد، در این صورت می توان امید داشت که تمام و دشواری موجود در ارائه راهکارها، و شرایط سخت تایپ به پایان رسد و زمان مورد نیاز شامل حروفچینی دستاوردهای اصلی، و جوابگوی سوالات پیوسته اهل دنیای موجود طراحی اساسا مورد استفاده قرار گیرد.", "brand": "جین ایر", "price": 90000000, "amount": 60, "activate": true, "img": "", "date_create": "2022-01-08", "data_update": "2022-01-08", "cat_id": 27}}, {"model": "Product.product", "pk": 38, "fields": {"name": "سفردرزمان", "description": "لورم ایپسوم متن ساختگی با تولید سادگی نامفهوم از صنعت چاپ، و با استفاده از طراحان گرافیک است، چاپگرها و متون بلکه روزنامه و مجله در ستون و سطرآنچنان که لازم است، و برای شرایط فعلی تکنولوژی مورد نیاز، و کاربردهای متنوع با هدف بهبود ابزارهای کاربردی می باشد، کتابهای زیادی در شصت و سه درصد گذشته حال و آینده، شناخت فراوان جامعه و متخصصان را می طلبد، تا با نرم افزارها شناخت بیشتری را برای طراحان رایانه ای علی الخصوص طراحان خلاقی، و فرهنگ پیشرو در زبان فارسی ایجاد کرد، در این صورت می توان امید داشت که تمام و دشواری موجود در ارائه راهکارها، و شرایط سخت تایپ به پایان رسد و زمان مورد نیاز شامل حروفچینی دستاوردهای اصلی، و جوابگوی سوالات پیوسته اهل دنیای موجود طراحی اساسا مورد استفاده قرار گیرد.", "brand": null, "price": 60000000, "amount": 60, "activate": true, "img": "", "date_create": "2022-01-08", "data_update": "2022-01-08", "cat_id": 28}}, {"model": "Product.product", "pk": 39, "fields": {"name": "جهان های موازی", "description": "لورم ایپسوم متن ساختگی با تولید سادگی نامفهوم از صنعت چاپ، و با استفاده از طراحان گرافیک است، چاپگرها و متون بلکه روزنامه و مجله در ستون و سطرآنچنان که لازم است، و برای شرایط فعلی تکنولوژی مورد نیاز، و کاربردهای متنوع با هدف بهبود ابزارهای کاربردی می باشد، کتابهای زیادی در شصت و سه درصد گذشته حال و آینده، شناخت فراوان جامعه و متخصصان را می طلبد، تا با نرم افزارها شناخت بیشتری را برای طراحان رایانه ای علی الخصوص طراحان خلاقی، و فرهنگ پیشرو در زبان فارسی ایجاد کرد، در این صورت می توان امید داشت که تمام و دشواری موجود در ارائه راهکارها، و شرایط سخت تایپ به پایان رسد و زمان مورد نیاز شامل حروفچینی دستاوردهای اصلی، و جوابگوی سوالات پیوسته اهل دنیای موجود طراحی اساسا مورد استفاده قرار گیرد.", "brand": "میچیو کاکو", "price": 800000, "amount": 60, "activate": true, "img": "", "date_create": "2022-01-08", "data_update": "2022-01-08", "cat_id": 28}}, {"model": "Product.product", "pk": 40, "fields": {"name": "samsung-j7گوشی موبایل", "description": "لورم ایپسوم متن ساختگی با تولید سادگی نامفهوم از صنعت چاپ، و با استفاده از طراحان گرافیک است، چاپگرها و متون بلکه روزنامه و مجله در ستون و سطرآنچنان که لازم است، و برای شرایط فعلی تکنولوژی مورد نیاز، و کاربردهای متنوع با هدف بهبود ابزارهای کاربردی می باشد، کتابهای زیادی در شصت و سه درصد گذشته حال و آینده، شناخت فراوان جامعه و متخصصان را می طلبد، تا با نرم افزارها شناخت بیشتری را برای طراحان رایانه ای علی الخصوص طراحان خلاقی، و فرهنگ پیشرو در زبان فارسی ایجاد کرد، در این صورت می توان امید داشت که تمام و دشواری موجود در ارائه راهکارها، و شرایط سخت تایپ به پایان رسد و زمان مورد نیاز شامل حروفچینی دستاوردهای اصلی، و جوابگوی سوالات پیوسته اهل دنیای موجود طراحی اساسا مورد استفاده قرار گیرد.", "brand": "سامسونگ", "price": 6000000, "amount": 303, "activate": true, "img": "", "date_create": "2022-01-08", "data_update": "2022-01-08", "cat_id": 7}}, {"model": "Product.product", "pk": 41, "fields": {"name": "poko-x3گوشی موبایل", "description": "لورم ایپسوم متن ساختگی با تولید سادگی نامفهوم از صنعت چاپ، و با استفاده از طراحان گرافیک است، چاپگرها و متون بلکه روزنامه و مجله در ستون و سطرآنچنان که لازم است، و برای شرایط فعلی تکنولوژی مورد نیاز، و کاربردهای متنوع با هدف بهبود ابزارهای کاربردی می باشد، کتابهای زیادی در شصت و سه درصد گذشته حال و آینده، شناخت فراوان جامعه و متخصصان را می طلبد، تا با نرم افزارها شناخت بیشتری را برای طراحان رایانه ای علی الخصوص طراحان خلاقی، و فرهنگ پیشرو در زبان فارسی ایجاد کرد، در این صورت می توان امید داشت که تمام و دشواری موجود در ارائه راهکارها، و شرایط سخت تایپ به پایان رسد و زمان مورد نیاز شامل حروفچینی دستاوردهای اصلی، و جوابگوی سوالات پیوسته اهل دنیای موجود طراحی اساسا مورد استفاده قرار گیرد.", "brand": "شیائومی", "price": 200000000, "amount": 20, "activate": true, "img": "", "date_create": "2022-01-08", "data_update": "2022-01-08", "cat_id": 7}}, {"model": "Product.product", "pk": 42, "fields": {"name": "samsug-s7گوشی موبایل", "description": "لورم ایپسوم متن ساختگی با تولید سادگی نامفهوم از صنعت چاپ، و با استفاده از طراحان گرافیک است، چاپگرها و متون بلکه روزنامه و مجله در ستون و سطرآنچنان که لازم است، و برای شرایط فعلی تکنولوژی مورد نیاز، و کاربردهای متنوع با هدف بهبود ابزارهای کاربردی می باشد، کتابهای زیادی در شصت و سه درصد گذشته حال و آینده، شناخت فراوان جامعه و متخصصان را می طلبد، تا با نرم افزارها شناخت بیشتری را برای طراحان رایانه ای علی الخصوص طراحان خلاقی، و فرهنگ پیشرو در زبان فارسی ایجاد کرد، در این صورت می توان امید داشت که تمام و دشواری موجود در ارائه راهکارها، و شرایط سخت تایپ به پایان رسد و زمان مورد نیاز شامل حروفچینی دستاوردهای اصلی، و جوابگوی سوالات پیوسته اهل دنیای موجود طراحی اساسا مورد استفاده قرار گیرد.", "brand": "سامسونگ", "price": 30000000, "amount": 166, "activate": true, "img": "", "date_create": "2022-01-08", "data_update": "2022-01-08", "cat_id": 7}}, {"model": "Product.product", "pk": 43, "fields": {"name": "lenevo-z51لپتاپ", "description": "لورم ایپسوم متن ساختگی با تولید سادگی نامفهوم از صنعت چاپ، و با استفاده از طراحان گرافیک است، چاپگرها و متون بلکه روزنامه و مجله در ستون و سطرآنچنان که لازم است، و برای شرایط فعلی تکنولوژی مورد نیاز، و کاربردهای متنوع با هدف بهبود ابزارهای کاربردی می باشد، کتابهای زیادی در شصت و سه درصد گذشته حال و آینده، شناخت فراوان جامعه و متخصصان را می طلبد، تا با نرم افزارها شناخت بیشتری را برای طراحان رایانه ای علی الخصوص طراحان خلاقی، و فرهنگ پیشرو در زبان فارسی ایجاد کرد، در این صورت می توان امید داشت که تمام و دشواری موجود در ارائه راهکارها، و شرایط سخت تایپ به پایان رسد و زمان مورد نیاز شامل حروفچینی دستاوردهای اصلی، و جوابگوی سوالات پیوسته اهل دنیای موجود طراحی اساسا مورد استفاده قرار گیرد.", "brand": "لنوو", "price": 30000000, "amount": 30, "activate": true, "img": "", "date_create": "2022-01-08", "data_update": "2022-01-08", "cat_id": 8}}, {"model": "Product.product", "pk": 44, "fields": {"name": "hp-لپتاپ", "description": "لورم ایپسوم متن ساختگی با تولید سادگی نامفهوم از صنعت چاپ، و با استفاده از طراحان گرافیک است، چاپگرها و متون بلکه روزنامه و مجله در ستون و سطرآنچنان که لازم است، و برای شرایط فعلی تکنولوژی مورد نیاز، و کاربردهای متنوع با هدف بهبود ابزارهای کاربردی می باشد، کتابهای زیادی در شصت و سه درصد گذشته حال و آینده، شناخت فراوان جامعه و متخصصان را می طلبد، تا با نرم افزارها شناخت بیشتری را برای طراحان رایانه ای علی الخصوص طراحان خلاقی، و فرهنگ پیشرو در زبان فارسی ایجاد کرد، در این صورت می توان امید داشت که تمام و دشواری موجود در ارائه راهکارها، و شرایط سخت تایپ به پایان رسد و زمان مورد نیاز شامل حروفچینی دستاوردهای اصلی، و جوابگوی سوالات پیوسته اهل دنیای موجود طراحی اساسا مورد استفاده قرار گیرد.", "brand": "اچ پی", "price": 60000000, "amount": 30, "activate": true, "img": "", "date_create": "2022-01-08", "data_update": "2022-01-08", "cat_id": 8}}, {"model": "Product.product", "pk": 45, "fields": {"name": "asus-لپ تاپ", "description": "لورم ایپسوم متن ساختگی با تولید سادگی نامفهوم از صنعت چاپ، و با استفاده از طراحان گرافیک است، چاپگرها و متون بلکه روزنامه و مجله در ستون و سطرآنچنان که لازم است، و برای شرایط فعلی تکنولوژی مورد نیاز، و کاربردهای متنوع با هدف بهبود ابزارهای کاربردی می باشد، کتابهای زیادی در شصت و سه درصد گذشته حال و آینده، شناخت فراوان جامعه و متخصصان را می طلبد، تا با نرم افزارها شناخت بیشتری را برای طراحان رایانه ای علی الخصوص طراحان خلاقی، و فرهنگ پیشرو در زبان فارسی ایجاد کرد، در این صورت می توان امید داشت که تمام و دشواری موجود در ارائه راهکارها، و شرایط سخت تایپ به پایان رسد و زمان مورد نیاز شامل حروفچینی دستاوردهای اصلی، و جوابگوی سوالات پیوسته اهل دنیای موجود طراحی اساسا مورد استفاده قرار گیرد.", "brand": "ایسوس", "price": 6000000, "amount": 30, "activate": true, "img": "", "date_create": "2022-01-08", "data_update": "2022-01-08", "cat_id": 8}}, {"model": "Product.product", "pk": 46, "fields": {"name": "canonدوربین عکاسی", "description": "لورم ایپسوم متن ساختگی با تولید سادگی نامفهوم از صنعت چاپ، و با استفاده از طراحان گرافیک است، چاپگرها و متون بلکه روزنامه و مجله در ستون و سطرآنچنان که لازم است، و برای شرایط فعلی تکنولوژی مورد نیاز، و کاربردهای متنوع با هدف بهبود ابزارهای کاربردی می باشد، کتابهای زیادی در شصت و سه درصد گذشته حال و آینده، شناخت فراوان جامعه و متخصصان را می طلبد، تا با نرم افزارها شناخت بیشتری را برای طراحان رایانه ای علی الخصوص طراحان خلاقی، و فرهنگ پیشرو در زبان فارسی ایجاد کرد، در این صورت می توان امید داشت که تمام و دشواری موجود در ارائه راهکارها، و شرایط سخت تایپ به پایان رسد و زمان مورد نیاز شامل حروفچینی دستاوردهای اصلی، و جوابگوی سوالات پیوسته اهل دنیای موجود طراحی اساسا مورد استفاده قرار گیرد.", "brand": "canon", "price": 3000000, "amount": 20, "activate": true, "img": "", "date_create": "2022-01-08", "data_update": "2022-01-08", "cat_id": 9}}, {"model": "Product.product", "pk": 47, "fields": {"name": "axsomدوربین عکاسی", "description": "لورم ایپسوم متن ساختگی با تولید سادگی نامفهوم از صنعت چاپ، و با استفاده از طراحان گرافیک است، چاپگرها و متون بلکه روزنامه و مجله در ستون و سطرآنچنان که لازم است، و برای شرایط فعلی تکنولوژی مورد نیاز، و کاربردهای متنوع با هدف بهبود ابزارهای کاربردی می باشد، کتابهای زیادی در شصت و سه درصد گذشته حال و آینده، شناخت فراوان جامعه و متخصصان را می طلبد، تا با نرم افزارها شناخت بیشتری را برای طراحان رایانه ای علی الخصوص طراحان خلاقی، و فرهنگ پیشرو در زبان فارسی ایجاد کرد، در این صورت می توان امید داشت که تمام و دشواری موجود در ارائه راهکارها، و شرایط سخت تایپ به پایان رسد و زمان مورد نیاز شامل حروفچینی دستاوردهای اصلی، و جوابگوی سوالات پیوسته اهل دنیای موجود طراحی اساسا مورد استفاده قرار گیرد.", "brand": "اکسون", "price": 300000, "amount": 60, "activate": true, "img": "", "date_create": "2022-01-08", "data_update": "2022-01-08", "cat_id": 9}}, {"model": "Product.product", "pk": 48, "fields": {"name": "panasonicدوربین عکاسی", "description": "لورم ایپسوم متن ساختگی با تولید سادگی نامفهوم از صنعت چاپ، و با استفاده از طراحان گرافیک است، چاپگرها و متون بلکه روزنامه و مجله در ستون و سطرآنچنان که لازم است، و برای شرایط فعلی تکنولوژی مورد نیاز، و کاربردهای متنوع با هدف بهبود ابزارهای کاربردی می باشد، کتابهای زیادی در شصت و سه درصد گذشته حال و آینده، شناخت فراوان جامعه و متخصصان را می طلبد، تا با نرم افزارها شناخت بیشتری را برای طراحان رایانه ای علی الخصوص طراحان خلاقی، و فرهنگ پیشرو در زبان فارسی ایجاد کرد، در این صورت می توان امید داشت که تمام و دشواری موجود در ارائه راهکارها، و شرایط سخت تایپ به پایان رسد و زمان مورد نیاز شامل حروفچینی دستاوردهای اصلی، و جوابگوی سوالات پیوسته اهل دنیای موجود طراحی اساسا مورد استفاده قرار گیرد.", "brand": "پاناسونیک", "price": 3000000, "amount": 50, "activate": true, "img": "", "date_create": "2022-01-08", "data_update": "2022-01-08", "cat_id": 9}}, {"model": "Product.product", "pk": 49, "fields": {"name": "هارد اکسترنال سیگیت", "description": "لورم ایپسوم متن ساختگی با تولید سادگی نامفهوم از صنعت چاپ، و با استفاده از طراحان گرافیک است، چاپگرها و متون بلکه روزنامه و مجله در ستون و سطرآنچنان که لازم است، و برای شرایط فعلی تکنولوژی مورد نیاز، و کاربردهای متنوع با هدف بهبود ابزارهای کاربردی می باشد، کتابهای زیادی در شصت و سه درصد گذشته حال و آینده، شناخت فراوان جامعه و متخصصان را می طلبد، تا با نرم افزارها شناخت بیشتری را برای طراحان رایانه ای علی الخصوص طراحان خلاقی، و فرهنگ پیشرو در زبان فارسی ایجاد کرد، در این صورت می توان امید داشت که تمام و دشواری موجود در ارائه راهکارها، و شرایط سخت تایپ به پایان رسد و زمان مورد نیاز شامل حروفچینی دستاوردهای اصلی، و جوابگوی سوالات پیوسته اهل دنیای موجود طراحی اساسا مورد استفاده قرار گیرد.", "brand": null, "price": 10000000, "amount": 20, "activate": true, "img": "", "date_create": "2022-01-08", "data_update": "2022-01-08", "cat_id": 10}}, {"model": "Product.product", "pk": 50, "fields": {"name": "هارد اکسترنال وسترن", "description": "لورم ایپسوم متن ساختگی با تولید سادگی نامفهوم از صنعت چاپ، و با استفاده از طراحان گرافیک است، چاپگرها و متون بلکه روزنامه و مجله در ستون و سطرآنچنان که لازم است، و برای شرایط فعلی تکنولوژی مورد نیاز، و کاربردهای متنوع با هدف بهبود ابزارهای کاربردی می باشد، کتابهای زیادی در شصت و سه درصد گذشته حال و آینده، شناخت فراوان جامعه و متخصصان را می طلبد، تا با نرم افزارها شناخت بیشتری را برای طراحان رایانه ای علی الخصوص طراحان خلاقی، و فرهنگ پیشرو در زبان فارسی ایجاد کرد، در این صورت می توان امید داشت که تمام و دشواری موجود در ارائه راهکارها، و شرایط سخت تایپ به پایان رسد و زمان مورد نیاز شامل حروفچینی دستاوردهای اصلی، و جوابگوی سوالات پیوسته اهل دنیای موجود طراحی اساسا مورد استفاده قرار گیرد.", "brand": null, "price": 15000000, "amount": 30, "activate": true, "img": "", "date_create": "2022-01-08", "data_update": "2022-01-08", "cat_id": 10}}, {"model": "Product.product", "pk": 51, "fields": {"name": "adata هارد اکسترنال", "description": "لورم ایپسوم متن ساختگی با تولید سادگی نامفهوم از صنعت چاپ، و با استفاده از طراحان گرافیک است، چاپگرها و متون بلکه روزنامه و مجله در ستون و سطرآنچنان که لازم است، و برای شرایط فعلی تکنولوژی مورد نیاز، و کاربردهای متنوع با هدف بهبود ابزارهای کاربردی می باشد، کتابهای زیادی در شصت و سه درصد گذشته حال و آینده، شناخت فراوان جامعه و متخصصان را می طلبد، تا با نرم افزارها شناخت بیشتری را برای طراحان رایانه ای علی الخصوص طراحان خلاقی، و فرهنگ پیشرو در زبان فارسی ایجاد کرد، در این صورت می توان امید داشت که تمام و دشواری موجود در ارائه راهکارها، و شرایط سخت تایپ به پایان رسد و زمان مورد نیاز شامل حروفچینی دستاوردهای اصلی، و جوابگوی سوالات پیوسته اهل دنیای موجود طراحی اساسا مورد استفاده قرار گیرد.", "brand": null, "price": 26000000, "amount": 35, "activate": true, "img": "", "date_create": "2022-01-08", "data_update": "2022-01-08", "cat_id": 10}}, {"model": "Product.product", "pk": 52, "fields": {"name": "sundisk فلش مموری", "description": "لورم ایپسوم متن ساختگی با تولید سادگی نامفهوم از صنعت چاپ، و با استفاده از طراحان گرافیک است، چاپگرها و متون بلکه روزنامه و مجله در ستون و سطرآنچنان که لازم است، و برای شرایط فعلی تکنولوژی مورد نیاز، و کاربردهای متنوع با هدف بهبود ابزارهای کاربردی می باشد، کتابهای زیادی در شصت و سه درصد گذشته حال و آینده، شناخت فراوان جامعه و متخصصان را می طلبد، تا با نرم افزارها شناخت بیشتری را برای طراحان رایانه ای علی الخصوص طراحان خلاقی، و فرهنگ پیشرو در زبان فارسی ایجاد کرد، در این صورت می توان امید داشت که تمام و دشواری موجود در ارائه راهکارها، و شرایط سخت تایپ به پایان رسد و زمان مورد نیاز شامل حروفچینی دستاوردهای اصلی، و جوابگوی سوالات پیوسته اهل دنیای موجود طراحی اساسا مورد استفاده قرار گیرد.", "brand": null, "price": 1500000, "amount": 30, "activate": true, "img": "", "date_create": "2022-01-08", "data_update": "2022-01-08", "cat_id": 11}}, {"model": "Product.product", "pk": 53, "fields": {"name": "فلش مموری adata", "description": "لورم ایپسوم متن ساختگی با تولید سادگی نامفهوم از صنعت چاپ، و با استفاده از طراحان گرافیک است، چاپگرها و متون بلکه روزنامه و مجله در ستون و سطرآنچنان که لازم است، و برای شرایط فعلی تکنولوژی مورد نیاز، و کاربردهای متنوع با هدف بهبود ابزارهای کاربردی می باشد، کتابهای زیادی در شصت و سه درصد گذشته حال و آینده، شناخت فراوان جامعه و متخصصان را می طلبد، تا با نرم افزارها شناخت بیشتری را برای طراحان رایانه ای علی الخصوص طراحان خلاقی، و فرهنگ پیشرو در زبان فارسی ایجاد کرد، در این صورت می توان امید داشت که تمام و دشواری موجود در ارائه راهکارها، و شرایط سخت تایپ به پایان رسد و زمان مورد نیاز شامل حروفچینی دستاوردهای اصلی، و جوابگوی سوالات پیوسته اهل دنیای موجود طراحی اساسا مورد استفاده قرار گیرد.", "brand": null, "price": 3500000, "amount": 35, "activate": true, "img": "", "date_create": "2022-01-08", "data_update": "2022-01-08", "cat_id": 11}}, {"model": "Product.product", "pk": 54, "fields": {"name": "فلش مموری hp", "description": "لورم ایپسوم متن ساختگی با تولید سادگی نامفهوم از صنعت چاپ، و با استفاده از طراحان گرافیک است، چاپگرها و متون بلکه روزنامه و مجله در ستون و سطرآنچنان که لازم است، و برای شرایط فعلی تکنولوژی مورد نیاز، و کاربردهای متنوع با هدف بهبود ابزارهای کاربردی می باشد، کتابهای زیادی در شصت و سه درصد گذشته حال و آینده، شناخت فراوان جامعه و متخصصان را می طلبد، تا با نرم افزارها شناخت بیشتری را برای طراحان رایانه ای علی الخصوص طراحان خلاقی، و فرهنگ پیشرو در زبان فارسی ایجاد کرد، در این صورت می توان امید داشت که تمام و دشواری موجود در ارائه راهکارها، و شرایط سخت تایپ به پایان رسد و زمان مورد نیاز شامل حروفچینی دستاوردهای اصلی، و جوابگوی سوالات پیوسته اهل دنیای موجود طراحی اساسا مورد استفاده قرار گیرد.", "brand": null, "price": 200000, "amount": 65, "activate": true, "img": "", "date_create": "2022-01-08", "data_update": "2022-01-08", "cat_id": 11}}, {"model": "Product.product", "pk": 55, "fields": {"name": "tplinkمدل", "description": "لورم ایپسوم متن ساختگی با تولید سادگی نامفهوم از صنعت چاپ، و با استفاده از طراحان گرافیک است، چاپگرها و متون بلکه روزنامه و مجله در ستون و سطرآنچنان که لازم است، و برای شرایط فعلی تکنولوژی مورد نیاز، و کاربردهای متنوع با هدف بهبود ابزارهای کاربردی می باشد، کتابهای زیادی در شصت و سه درصد گذشته حال و آینده، شناخت فراوان جامعه و متخصصان را می طلبد، تا با نرم افزارها شناخت بیشتری را برای طراحان رایانه ای علی الخصوص طراحان خلاقی، و فرهنگ پیشرو در زبان فارسی ایجاد کرد، در این صورت می توان امید داشت که تمام و دشواری موجود در ارائه راهکارها، و شرایط سخت تایپ به پایان رسد و زمان مورد نیاز شامل حروفچینی دستاوردهای اصلی، و جوابگوی سوالات پیوسته اهل دنیای موجود طراحی اساسا مورد استفاده قرار گیرد.", "brand": null, "price": 3600000, "amount": 36, "activate": true, "img": "", "date_create": "2022-01-08", "data_update": "2022-01-08", "cat_id": 12}}, {"model": "Product.product", "pk": 56, "fields": {"name": "Dlinkمودم", "description": "لورم ایپسوم متن ساختگی با تولید سادگی نامفهوم از صنعت چاپ، و با استفاده از طراحان گرافیک است، چاپگرها و متون بلکه روزنامه و مجله در ستون و سطرآنچنان که لازم است، و برای شرایط فعلی تکنولوژی مورد نیاز، و کاربردهای متنوع با هدف بهبود ابزارهای کاربردی می باشد، کتابهای زیادی در شصت و سه درصد گذشته حال و آینده، شناخت فراوان جامعه و متخصصان را می طلبد، تا با نرم افزارها شناخت بیشتری را برای طراحان رایانه ای علی الخصوص طراحان خلاقی، و فرهنگ پیشرو در زبان فارسی ایجاد کرد، در این صورت می توان امید داشت که تمام و دشواری موجود در ارائه راهکارها، و شرایط سخت تایپ به پایان رسد و زمان مورد نیاز شامل حروفچینی دستاوردهای اصلی، و جوابگوی سوالات پیوسته اهل دنیای موجود طراحی اساسا مورد استفاده قرار گیرد.", "brand": null, "price": 3500000, "amount": 20, "activate": false, "img": "", "date_create": "2022-01-08", "data_update": "2022-01-08", "cat_id": 12}}, {"model": "Product.property", "pk": 1, "fields": {"property_name": "رم", "cat_id": 1}}, {"model": "Product.property", "pk": 2, "fields": {"property_name": "دوربین", "cat_id": 1}}, {"model": "Product.details", "pk": 1, "fields": {"pro_id": 1, "detail": "256mb", "product_id": [40, 41, 42]}}, {"model": "Product.details", "pk": 2, "fields": {"pro_id": 1, "detail": "128 mb", "product_id": [40, 41, 42]}}, {"model": "Product.details", "pk": 3, "fields": {"pro_id": 2, "detail": "20mp", "product_id": [40, 41, 42]}}, {"model": "Product.details", "pk": 4, "fields": {"pro_id": 2, "detail": "16mp", "product_id": [40, 41, 42]}}, {"model": "Product.details", "pk": 5, "fields": {"pro_id": 2, "detail": "8mp", "product_id": [40, 41, 42]}}]